index,raw_payload,rejection_reason
2224,"{""hotel"": ""Resort Hotel"", ""is_canceled"": ""0"", ""lead_time"": ""1"", ""arrival_date_year"": ""2015"", ""arrival_date_month"": ""October"", ""arrival_date_week_number"": ""41"", ""arrival_date_day_of_month"": ""6"", ""stays_in_weekend_nights"": ""0"", ""stays_in_week_nights"": ""3"", ""adults"": ""0"", ""children"": ""0"", ""babies"": ""0"", ""meal"": ""SC"", ""country"": ""PRT"", ""market_segment"": ""Corporate"", ""distribution_channel"": ""Corporate"", ""is_repeated_guest"": ""0"", ""previous_cancellations"": ""0"", ""previous_bookings_not_canceled"": ""0"", ""reserved_room_type"": ""A"", ""assigned_room_type"": ""I"", ""booking_changes"": ""1"", ""deposit_type"": ""No Deposit"", ""agent"": null, ""company"": ""174"", ""days_in_waiting_list"": ""0"", ""customer_type"": ""Transient-Party"", ""adr"": ""0"", ""required_car_parking_spaces"": ""0"", ""total_of_special_requests"": ""0"", ""reservation_status"": ""Check-Out"", ""reservation_status_date"": ""2015-10-06""}",No guests in booking
2409,"{""hotel"": ""Resort Hotel"", ""is_canceled"": ""0"", ""lead_time"": ""0"", ""arrival_date_year"": ""2015"", ""arrival_date_month"": ""October"", ""arrival_date_week_number"": ""42"", ""arrival_date_day_of_month"": ""12"", ""stays_in_weekend_nights"": ""0"", ""stays_in_week_nights"": ""0"", ""adults"": ""0"", ""children"": ""0"", ""babies"": ""0"", ""meal"": ""SC"", ""country"": ""PRT"", ""market_segment"": ""Corporate"", ""distribution_channel"": ""Corporate"", ""is_repeated_guest"": ""0"", ""previous_cancellations"": ""0"", ""previous_bookings_not_canceled"": ""0"", ""reserved_room_type"": ""A"", ""assigned_room_type"": ""I"", ""booking_changes"": ""0"", ""deposit_type"": ""No Deposit"", ""agent"": null, ""company"": ""174"", ""days_in_waiting_list"": ""0"", ""customer_type"": ""Transient"", ""adr"": ""0"", ""required_car_parking_spaces"": ""0"", ""total_of_special_requests"": ""0"", ""reservation_status"": ""Check-Out"", ""reservation_status_date"": ""2015-10-12""}",No guests in booking
3181,"{""hotel"": ""Resort Hotel"", ""is_canceled"": ""0"", ""lead_time"": ""36"", ""arrival_date_year"": ""2015"", ""arrival_date_month"": ""November"", ""arrival_date_week_number"": ""47"", ""arrival_date_day_of_month"": ""20"", ""stays_in_weekend_nights"": ""1"", ""stays_in_week_nights"": ""2"", ""adults"": ""0"", ""children"": ""0"", ""babies"": ""0"", ""meal"": ""SC"", ""country"": ""ESP"", ""market_segment"": ""Groups"", ""distribution_channel"": ""TA/TO"", ""is_repeated_guest"": ""0"", ""previous_cancellations"": ""0"", ""previous_bookings_not_canceled"": ""0"", ""reserved_room_type"": ""A"", ""assigned_room_type"": ""C"", ""booking_changes"": ""0"", ""deposit_type"": ""No Deposit"", ""agent"": ""38"", ""company"": null, ""days_in_waiting_list"": ""0"", ""customer_type"": ""Transient-Party"", ""adr"": ""0"", ""required_car_parking_spaces"": ""0"", ""total_of_special_requests"": ""0"", ""reservation_status"": ""Check-Out"", ""reservation_status_date"": ""2015-11-23""}",No guests in booking
3684,"{""hotel"": ""Resort Hotel"", ""is_canceled"": ""0"", ""lead_time"": ""165"", ""arrival_date_year"": ""2015"", ""arrival_date_month"": ""December"", ""arrival_date_week_number"": ""53"", ""arrival_date_day_of_month"": ""30"", ""stays_in_weekend_nights"": ""1"", ""stays_in_week_nights"": ""4"", ""adults"": ""0"", ""children"": ""0"", ""babies"": ""0"", ""meal"": ""SC"", ""country"": ""PRT"", ""market_segment"": ""Groups"", ""distribution_channel"": ""TA/TO"", ""is_repeated_guest"": ""0"", ""previous_cancellations"": ""0"", ""previous_bookings_not_canceled"": ""0"", ""reserved_room_type"": ""A"", ""assigned_room_type"": ""A"", ""booking_changes"": ""1"", ""deposit_type"": ""No Deposit"", ""agent"": ""308"", ""company"": null, ""days_in_waiting_list"": ""122"", ""customer_type"": ""Transient-Party"", ""adr"": ""0"", ""required_car_parking_spaces"": ""0"", ""total_of_special_requests"": ""0"", ""reservation_status"": ""Check-Out"", ""reservation_status_date"": ""2016-01-04""}",No guests in booking
3708,"{""hotel"": ""Resort Hotel"", ""is_canceled"": ""0"", ""lead_time"": ""165"", ""arrival_date_year"": ""2015"", ""arrival_date_month"": ""December"", ""arrival_date_week_number"": ""53"", ""arrival_date_day_of_month"": ""30"", ""stays_in_weekend_nights"": ""2"", ""stays_in_week_nights"": ""4"", ""adults"": ""0"", ""children"": ""0"", ""babies"": ""0"", ""meal"": ""SC"", ""country"": ""PRT"", ""market_segment"": ""Groups"", ""distribution_channel"": ""TA/TO"", ""is_repeated_guest"": ""0"", ""previous_cancellations"": ""0"", ""previous_bookings_not_canceled"": ""0"", ""reserved_room_type"": ""A"", ""assigned_room_type"": ""C"", ""booking_changes"": ""1"", ""deposit_type"": ""No Deposit"", ""agent"": ""308"", ""company"": null, ""days_in_waiting_list"": ""122"", ""customer_type"": ""Transient-Party"", ""adr"": ""0"", ""required_car_parking_spaces"": ""0"", ""total_of_special_requests"": ""0"", ""reservation_status"": ""Check-Out"", ""reservation_status_date"": ""2016-01-05""}",No guests in booking
4127,"{""hotel"": ""Resort Hotel"", ""is_canceled"": ""1"", ""lead_time"": ""0"", ""arrival_date_year"": ""2016"", ""arrival_date_month"": ""February"", ""arrival_date_week_number"": ""8"", ""arrival_date_day_of_month"": ""15"", ""stays_in_weekend_nights"": ""0"", ""stays_in_week_nights"": ""0"", ""adults"": ""0"", ""children"": ""0"", ""babies"": ""0"", ""meal"": ""SC"", ""country"": null, ""market_segment"": ""Offline TA/TO"", ""distribution_channel"": ""TA/TO"", ""is_repeated_guest"": ""0"", ""previous_cancellations"": ""0"", ""previous_bookings_not_canceled"": ""0"", ""reserved_room_type"": ""P"", ""assigned_room_type"": ""P"", ""booking_changes"": ""0"", ""deposit_type"": ""No Deposit"", ""agent"": null, ""company"": ""383"", ""days_in_waiting_list"": ""0"", ""customer_type"": ""Transient"", ""adr"": ""0"", ""required_car_parking_spaces"": ""0"", ""total_of_special_requests"": ""0"", ""reservation_status"": ""Canceled"", ""reservation_status_date"": ""2016-02-15""}",No guests in booking
9376,"{""hotel"": ""Resort Hotel"", ""is_canceled"": ""1"", ""lead_time"": ""0"", ""arrival_date_year"": ""2016"", ""arrival_date_month"": ""November"", ""arrival_date_week_number"": ""48"", ""arrival_date_day_of_month"": ""21"", ""stays_in_weekend_nights"": ""0"", ""stays_in_week_nights"": ""0"", ""adults"": ""0"", ""children"": ""0"", ""babies"": ""0"", ""meal"": ""SC"", ""country"": null, ""market_segment"": ""Offline TA/TO"", ""distribution_channel"": ""TA/TO"", ""is_repeated_guest"": ""0"", ""previous_cancellations"": ""0"", ""previous_bookings_not_canceled"": ""0"", ""reserved_room_type"": ""P"", ""assigned_room_type"": ""P"", ""booking_changes"": ""0"", ""deposit_type"": ""No Deposit"", ""agent"": null, ""company"": ""386"", ""days_in_waiting_list"": ""0"", ""customer_type"": ""Group"", ""adr"": ""0"", ""required_car_parking_spaces"": ""0"", ""total_of_special_requests"": ""0"", ""reservation_status"": ""Canceled"", ""reservation_status_date"": ""2016-11-21""}",No guests in booking
14969,"{""hotel"": ""Resort Hotel"", ""is_canceled"": ""0"", ""lead_time"": ""195"", ""arrival_date_year"": ""2017"", ""arrival_date_month"": ""March"", ""arrival_date_week_number"": ""10"", ""arrival_date_day_of_month"": ""5"", ""stays_in_weekend_nights"": ""4"", ""stays_in_week_nights"": ""6"", ""adults"": ""2"", ""children"": ""0"", ""babies"": ""0"", ""meal"": ""BB"", ""country"": ""GBR"", ""market_segment"": ""Groups"", ""distribution_channel"": ""Direct"", ""is_repeated_guest"": ""1"", ""previous_cancellations"": ""0"", ""previous_bookings_not_canceled"": ""2"", ""reserved_room_type"": ""A"", ""assigned_room_type"": ""H"", ""booking_changes"": ""2"", ""deposit_type"": ""No Deposit"", ""agent"": ""273"", ""company"": null, ""days_in_waiting_list"": ""0"", ""customer_type"": ""Transient-Party"", ""adr"": ""-6.38"", ""required_car_parking_spaces"": ""0"", ""total_of_special_requests"": ""0"", ""reservation_status"": ""Check-Out"", ""reservation_status_date"": ""2017-03-15""}",Negative price ADR: -6.38
31765,"{""hotel"": ""Resort Hotel"", ""is_canceled"": ""0"", ""lead_time"": ""31"", ""arrival_date_year"": ""2016"", ""arrival_date_month"": ""December"", ""arrival_date_week_number"": ""53"", ""arrival_date_day_of_month"": ""27"", ""stays_in_weekend_nights"": ""2"", ""stays_in_week_nights"": ""8"", ""adults"": ""0"", ""children"": ""0"", ""babies"": ""0"", ""meal"": ""BB"", ""country"": ""PRT"", ""market_segment"": ""Direct"", ""distribution_channel"": ""Direct"", ""is_repeated_guest"": ""0"", ""previous_cancellations"": ""0"", ""previous_bookings_not_canceled"": ""0"", ""reserved_room_type"": ""D"", ""assigned_room_type"": ""D"", ""booking_changes"": ""3"", ""deposit_type"": ""No Deposit"", ""agent"": null, ""company"": null, ""days_in_waiting_list"": ""0"", ""customer_type"": ""Transient"", ""adr"": ""28"", ""required_car_parking_spaces"": ""1"", ""total_of_special_requests"": ""0"", ""reservation_status"": ""Check-Out"", ""reservation_status_date"": ""2017-01-06""}",No guests in booking
32029,"{""hotel"": ""Resort Hotel"", ""is_canceled"": ""0"", ""lead_time"": ""4"", ""arrival_date_year"": ""2017"", ""arrival_date_month"": ""January"", ""arrival_date_week_number"": ""2"", ""arrival_date_day_of_month"": ""14"", ""stays_in_weekend_nights"": ""0"", ""stays_in_week_nights"": ""1"", ""adults"": ""0"", ""children"": ""0"", ""babies"": ""0"", ""meal"": ""SC"", ""country"": ""PRT"", ""market_segment"": ""Groups"", ""distribution_channel"": ""TA/TO"", ""is_repeated_guest"": ""0"", ""previous_cancellations"": ""0"", ""previous_bookings_not_canceled"": ""0"", ""reserved_room_type"": ""A"", ""assigned_room_type"": ""G"", ""booking_changes"": ""0"", ""deposit_type"": ""No Deposit"", ""agent"": ""168"", ""company"": null, ""days_in_waiting_list"": ""0"", ""customer_type"": ""Transient-Party"", ""adr"": ""0"", ""required_car_parking_spaces"": ""0"", ""total_of_special_requests"": ""0"", ""reservation_status"": ""Check-Out"", ""reservation_status_date"": ""2017-01-15""}",No guests in booking
32827,"{""hotel"": ""Resort Hotel"", ""is_canceled"": ""0"", ""lead_time"": ""46"", ""arrival_date_year"": ""2017"", ""arrival_date_month"": ""January"", ""arrival_date_week_number"": ""4"", ""arrival_date_day_of_month"": ""25"", ""stays_in_weekend_nights"": ""3"", ""stays_in_week_nights"": ""9"", ""adults"": ""0"", ""children"": ""0"", ""babies"": ""0"", ""meal"": ""SC"", ""country"": ""FRA"", ""market_segment"": ""Direct"", ""distribution_channel"": ""Direct"", ""is_repeated_guest"": ""0"", ""previous_cancellations"": ""0"", ""previous_bookings_not_canceled"": ""0"", ""reserved_room_type"": ""A"", ""assigned_room_type"": ""I"", ""booking_changes"": ""8"", ""deposit_type"": ""No Deposit"", ""agent"": null, ""company"": null, ""days_in_waiting_list"": ""0"", ""customer_type"": ""Transient"", ""adr"": ""0"", ""required_car_parking_spaces"": ""0"", ""total_of_special_requests"": ""0"", ""reservation_status"": ""Check-Out"", ""reservation_status_date"": ""2017-02-06""}",No guests in booking
34849,"{""hotel"": ""Resort Hotel"", ""is_canceled"": ""0"", ""lead_time"": ""15"", ""arrival_date_year"": ""2017"", ""arrival_date_month"": ""March"", ""arrival_date_week_number"": ""13"", ""arrival_date_day_of_month"": ""30"", ""stays_in_weekend_nights"": ""2"", ""stays_in_week_nights"": ""6"", ""adults"": ""0"", ""children"": ""0"", ""babies"": ""0"", ""meal"": ""SC"", ""country"": ""PRT"", ""market_segment"": ""Corporate"", ""distribution_channel"": ""Corporate"", ""is_repeated_guest"": ""0"", ""previous_cancellations"": ""0"", ""previous_bookings_not_canceled"": ""0"", ""reserved_room_type"": ""A"", ""assigned_room_type"": ""A"", ""booking_changes"": ""0"", ""deposit_type"": ""No Deposit"", ""agent"": null, ""company"": ""523"", ""days_in_waiting_list"": ""0"", ""customer_type"": ""Transient-Party"", ""adr"": ""0"", ""required_car_parking_spaces"": ""0"", ""total_of_special_requests"": ""0"", ""reservation_status"": ""Check-Out"", ""reservation_status_date"": ""2017-04-07""}",No guests in booking
34855,"{""hotel"": ""Resort Hotel"", ""is_canceled"": ""0"", ""lead_time"": ""15"", ""arrival_date_year"": ""2017"", ""arrival_date_month"": ""March"", ""arrival_date_week_number"": ""13"", ""arrival_date_day_of_month"": ""30"", ""stays_in_weekend_nights"": ""2"", ""stays_in_week_nights"": ""6"", ""adults"": ""0"", ""children"": ""0"", ""babies"": ""0"", ""meal"": ""SC"", ""country"": ""PRT"", ""market_segment"": ""Corporate"", ""distribution_channel"": ""Corporate"", ""is_repeated_guest"": ""0"", ""previous_cancellations"": ""0"", ""previous_bookings_not_canceled"": ""0"", ""reserved_room_type"": ""A"", ""assigned_room_type"": ""A"", ""booking_changes"": ""0"", ""deposit_type"": ""No Deposit"", ""agent"": null, ""company"": ""523"", ""days_in_waiting_list"": ""0"", ""customer_type"": ""Transient-Party"", ""adr"": ""0"", ""required_car_parking_spaces"": ""0"", ""total_of_special_requests"": ""0"", ""reservation_status"": ""Check-Out"", ""reservation_status_date"": ""2017-04-07""}",No guests in booking
37459,"{""hotel"": ""Resort Hotel"", ""is_canceled"": ""0"", ""lead_time"": ""1"", ""arrival_date_year"": ""2017"", ""arrival_date_month"": ""June"", ""arrival_date_week_number"": ""25"", ""arrival_date_day_of_month"": ""18"", ""stays_in_weekend_nights"": ""2"", ""stays_in_week_nights"": ""5"", ""adults"": ""0"", ""children"": ""0"", ""babies"": ""0"", ""meal"": ""BB"", ""country"": ""GBR"", ""market_segment"": ""Direct"", ""distribution_channel"": ""Direct"", ""is_repeated_guest"": ""0"", ""previous_cancellations"": ""0"", ""previous_bookings_not_canceled"": ""0"", ""reserved_room_type"": ""A"", ""assigned_room_type"": ""I"", ""booking_changes"": ""6"", ""deposit_type"": ""No Deposit"", ""agent"": null, ""company"": null, ""days_in_waiting_list"": ""0"", ""customer_type"": ""Transient"", ""adr"": ""0"", ""required_car_parking_spaces"": ""0"", ""total_of_special_requests"": ""0"", ""reservation_status"": ""Check-Out"", ""reservation_status_date"": ""2017-06-25""}",No guests in booking
40392,"{""hotel"": ""City Hotel"", ""is_canceled"": ""0"", ""lead_time"": ""132"", ""arrival_date_year"": ""2015"", ""arrival_date_month"": ""July"", ""arrival_date_week_number"": ""30"", ""arrival_date_day_of_month"": ""23"", ""stays_in_weekend_nights"": ""2"", ""stays_in_week_nights"": ""5"", ""adults"": ""0"", ""children"": ""0"", ""babies"": ""0"", ""meal"": ""HB"", ""country"": ""PRT"", ""market_segment"": ""Groups"", ""distribution_channel"": ""TA/TO"", ""is_repeated_guest"": ""0"", ""previous_cancellations"": ""0"", ""previous_bookings_not_canceled"": ""0"", ""reserved_room_type"": ""A"", ""assigned_room_type"": ""A"", ""booking_changes"": ""4"", ""deposit_type"": ""No Deposit"", ""agent"": ""1"", ""company"": null, ""days_in_waiting_list"": ""0"", ""customer_type"": ""Transient-Party"", ""adr"": ""0"", ""required_car_parking_spaces"": ""0"", ""total_of_special_requests"": ""0"", ""reservation_status"": ""Check-Out"", ""reservation_status_date"": ""2015-07-30""}",No guests in booking
40600,"{""hotel"": ""City Hotel"", ""is_canceled"": ""1"", ""lead_time"": ""2"", ""arrival_date_year"": ""2015"", ""arrival_date_month"": ""August"", ""arrival_date_week_number"": ""32"", ""arrival_date_day_of_month"": ""3"", ""stays_in_weekend_nights"": ""1"", ""stays_in_week_nights"": ""0"", ""adults"": ""2"", ""children"": null, ""babies"": ""0"", ""meal"": ""BB"", ""country"": ""PRT"", ""market_segment"": ""Undefined"", ""distribution_channel"": ""Undefined"", ""is_repeated_guest"": ""0"", ""previous_cancellations"": ""0"", ""previous_bookings_not_canceled"": ""0"", ""reserved_room_type"": ""B"", ""assigned_room_type"": ""B"", ""booking_changes"": ""0"", ""deposit_type"": ""No Deposit"", ""agent"": null, ""company"": null, ""days_in_waiting_list"": ""0"", ""customer_type"": ""Transient-Party"", ""adr"": ""12"", ""required_car_parking_spaces"": ""0"", ""total_of_special_requests"": ""1"", ""reservation_status"": ""Canceled"", ""reservation_status_date"": ""2015-08-01""}",Invalid guest count values (must be numbers)
40667,"{""hotel"": ""City Hotel"", ""is_canceled"": ""1"", ""lead_time"": ""1"", ""arrival_date_year"": ""2015"", ""arrival_date_month"": ""August"", ""arrival_date_week_number"": ""32"", ""arrival_date_day_of_month"": ""5"", ""stays_in_weekend_nights"": ""0"", ""stays_in_week_nights"": ""2"", ""adults"": ""2"", ""children"": null, ""babies"": ""0"", ""meal"": ""BB"", ""country"": ""PRT"", ""market_segment"": ""Direct"", ""distribution_channel"": ""Undefined"", ""is_repeated_guest"": ""0"", ""previous_cancellations"": ""0"", ""previous_bookings_not_canceled"": ""0"", ""reserved_room_type"": ""B"", ""assigned_room_type"": ""B"", ""booking_changes"": ""0"", ""deposit_type"": ""No Deposit"", ""agent"": ""14"", ""company"": null, ""days_in_waiting_list"": ""0"", ""customer_type"": ""Transient-Party"", ""adr"": ""12"", ""required_car_parking_spaces"": ""0"", ""total_of_special_requests"": ""1"", ""reservation_status"": ""Canceled"", ""reservation_status_date"": ""2015-08-04""}",Invalid guest count values (must be numbers)
40679,"{""hotel"": ""City Hotel"", ""is_canceled"": ""1"", ""lead_time"": ""1"", ""arrival_date_year"": ""2015"", ""arrival_date_month"": ""August"", ""arrival_date_week_number"": ""32"", ""arrival_date_day_of_month"": ""5"", ""stays_in_weekend_nights"": ""0"", ""stays_in_week_nights"": ""2"", ""adults"": ""3"", ""children"": null, ""babies"": ""0"", ""meal"": ""BB"", ""country"": ""PRT"", ""market_segment"": ""Undefined"", ""distribution_channel"": ""Undefined"", ""is_repeated_guest"": ""0"", ""previous_cancellations"": ""0"", ""previous_bookings_not_canceled"": ""0"", ""reserved_room_type"": ""B"", ""assigned_room_type"": ""B"", ""booking_changes"": ""0"", ""deposit_type"": ""No Deposit"", ""agent"": null, ""company"": null, ""days_in_waiting_list"": ""0"", ""customer_type"": ""Transient-Party"", ""adr"": ""18"", ""required_car_parking_spaces"": ""0"", ""total_of_special_requests"": ""2"", ""reservation_status"": ""Canceled"", ""reservation_status_date"": ""2015-08-04""}",Invalid guest count values (must be numbers)
40922,"{""hotel"": ""City Hotel"", ""is_canceled"": ""0"", ""lead_time"": ""0"", ""arrival_date_year"": ""2015"", ""arrival_date_month"": ""August"", ""arrival_date_week_number"": ""33"", ""arrival_date_day_of_month"": ""9"", ""stays_in_weekend_nights"": ""2"", ""stays_in_week_nights"": ""0"", ""adults"": ""0"", ""children"": ""0"", ""babies"": ""0"", ""meal"": ""BB"", ""country"": ""FRA"", ""market_segment"": ""Online TA"", ""distribution_channel"": ""TA/TO"", ""is_repeated_guest"": ""0"", ""previous_cancellations"": ""0"", ""previous_bookings_not_canceled"": ""0"", ""reserved_room_type"": ""F"", ""assigned_room_type"": ""B"", ""booking_changes"": ""0"", ""deposit_type"": ""No Deposit"", ""agent"": ""9"", ""company"": null, ""days_in_waiting_list"": ""0"", ""customer_type"": ""Contract"", ""adr"": ""0"", ""required_car_parking_spaces"": ""0"", ""total_of_special_requests"": ""0"", ""reservation_status"": ""Check-Out"", ""reservation_status_date"": ""2015-08-11""}",No guests in booking
41020,"{""hotel"": ""City Hotel"", ""is_canceled"": ""0"", ""lead_time"": ""0"", ""arrival_date_year"": ""2015"", ""arrival_date_month"": ""August"", ""arrival_date_week_number"": ""33"", ""arrival_date_day_of_month"": ""10"", ""stays_in_weekend_nights"": ""9"", ""stays_in_week_nights"": ""20"", ""adults"": ""0"", ""children"": ""0"", ""babies"": ""0"", ""meal"": ""SC"", ""country"": ""PRT"", ""market_segment"": ""Online TA"", ""distribution_channel"": ""Direct"", ""is_repeated_guest"": ""0"", ""previous_cancellations"": ""0"", ""previous_bookings_not_canceled"": ""0"", ""reserved_room_type"": ""E"", ""assigned_room_type"": ""K"", ""booking_changes"": ""20"", ""deposit_type"": ""No Deposit"", ""agent"": null, ""company"": ""47"", ""days_in_waiting_list"": ""0"", ""customer_type"": ""Transient"", ""adr"": ""0"", ""required_car_parking_spaces"": ""0"", ""total_of_special_requests"": ""0"", ""reservation_status"": ""Check-Out"", ""reservation_status_date"": ""2015-09-08""}",No guests in booking
41056,"{""hotel"": ""City Hotel"", ""is_canceled"": ""0"", ""lead_time"": ""0"", ""arrival_date_year"": ""2015"", ""arrival_date_month"": ""August"", ""arrival_date_week_number"": ""33"", ""arrival_date_day_of_month"": ""11"", ""stays_in_weekend_nights"": ""0"", ""stays_in_week_nights"": ""4"", ""adults"": ""0"", ""children"": ""0"", ""babies"": ""0"", ""meal"": ""BB"", ""country"": ""PRT"", ""market_segment"": ""Online TA"", ""distribution_channel"": ""Direct"", ""is_repeated_guest"": ""0"", ""previous_cancellations"": ""0"", ""previous_bookings_not_canceled"": ""0"", ""reserved_room_type"": ""A"", ""assigned_room_type"": ""K"", ""booking_changes"": ""4"", ""deposit_type"": ""No Deposit"", ""agent"": null, ""company"": ""49"", ""days_in_waiting_list"": ""0"", ""customer_type"": ""Transient-Party"", ""adr"": ""0"", ""required_car_parking_spaces"": ""0"", ""total_of_special_requests"": ""1"", ""reservation_status"": ""Check-Out"", ""reservation_status_date"": ""2015-08-15""}",No guests in booking
41160,"{""hotel"": ""City Hotel"", ""is_canceled"": ""1"", ""lead_time"": ""8"", ""arrival_date_year"": ""2015"", ""arrival_date_month"": ""August"", ""arrival_date_week_number"": ""33"", ""arrival_date_day_of_month"": ""13"", ""stays_in_weekend_nights"": ""2"", ""stays_in_week_nights"": ""5"", ""adults"": ""2"", ""children"": null, ""babies"": ""0"", ""meal"": ""BB"", ""country"": ""PRT"", ""market_segment"": ""Online TA"", ""distribution_channel"": ""Undefined"", ""is_repeated_guest"": ""0"", ""previous_cancellations"": ""0"", ""previous_bookings_not_canceled"": ""0"", ""reserved_room_type"": ""B"", ""assigned_room_type"": ""B"", ""booking_changes"": ""0"", ""deposit_type"": ""No Deposit"", ""agent"": ""9"", ""company"": null, ""days_in_waiting_list"": ""0"", ""customer_type"": ""Transient-Party"", ""adr"": ""76.5"", ""required_car_parking_spaces"": ""0"", ""total_of_special_requests"": ""1"", ""reservation_status"": ""Canceled"", ""reservation_status_date"": ""2015-08-09""}",Invalid guest count values (must be numbers)
42452,"{""hotel"": ""City Hotel"", ""is_canceled"": ""1"", ""lead_time"": ""1"", ""arrival_date_year"": ""2015"", ""arrival_date_month"": ""September"", ""arrival_date_week_number"": ""37"", ""arrival_date_day_of_month"": ""6"", ""stays_in_weekend_nights"": ""2"", ""stays_in_week_nights"": ""0"", ""adults"": ""0"", ""children"": ""0"", ""babies"": ""0"", ""meal"": ""SC"", ""country"": ""PRT"", ""market_segment"": ""Groups"", ""distribution_channel"": ""TA/TO"", ""is_repeated_guest"": ""0"", ""previous_cancellations"": ""0"", ""previous_bookings_not_canceled"": ""0"", ""reserved_room_type"": ""A"", ""assigned_room_type"": ""A"", ""booking_changes"": ""0"", ""deposit_type"": ""No Deposit"", ""agent"": ""1"", ""company"": null, ""days_in_waiting_list"": ""0"", ""customer_type"": ""Transient-Party"", ""adr"": ""0"", ""required_car_parking_spaces"": ""0"", ""total_of_special_requests"": ""0"", ""reservation_status"": ""Canceled"", ""reservation_status_date"": ""2015-09-05""}",No guests in booking
42591,"{""hotel"": ""City Hotel"", ""is_canceled"": ""0"", ""lead_time"": ""0"", ""arrival_date_year"": ""2015"", ""arrival_date_month"": ""September"", ""arrival_date_week_number"": ""37"", ""arrival_date_day_of_month"": ""7"", ""stays_in_weekend_nights"": ""1"", ""stays_in_week_nights"": ""4"", ""adults"": ""0"", ""children"": ""0"", ""babies"": ""0"", ""meal"": ""BB"", ""country"": ""SWE"", ""market_segment"": ""Online TA"", ""distribution_channel"": ""TA/TO"", ""is_repeated_guest"": ""0"", ""previous_cancellations"": ""0"", ""previous_bookings_not_canceled"": ""0"", ""reserved_room_type"": ""A"", ""assigned_room_type"": ""K"", ""booking_changes"": ""2"", ""deposit_type"": ""No Deposit"", ""agent"": ""11"", ""company"": null, ""days_in_waiting_list"": ""0"", ""customer_type"": ""Transient"", ""adr"": ""0"", ""required_car_parking_spaces"": ""0"", ""total_of_special_requests"": ""1"", ""reservation_status"": ""Check-Out"", ""reservation_status_date"": ""2015-09-12""}",No guests in booking
42871,"{""hotel"": ""City Hotel"", ""is_canceled"": ""0"", ""lead_time"": ""0"", ""arrival_date_year"": ""2015"", ""arrival_date_month"": ""September"", ""arrival_date_week_number"": ""37"", ""arrival_date_day_of_month"": ""11"", ""stays_in_weekend_nights"": ""0"", ""stays_in_week_nights"": ""2"", ""adults"": ""0"", ""children"": ""0"", ""babies"": ""0"", ""meal"": ""BB"", ""country"": ""FRA"", ""market_segment"": ""Groups"", ""distribution_channel"": ""Corporate"", ""is_repeated_guest"": ""0"", ""previous_cancellations"": ""0"", ""previous_bookings_not_canceled"": ""0"", ""reserved_room_type"": ""A"", ""assigned_room_type"": ""K"", ""booking_changes"": ""1"", ""deposit_type"": ""No Deposit"", ""agent"": null, ""company"": null, ""days_in_waiting_list"": ""0"", ""customer_type"": ""Transient"", ""adr"": ""0"", ""required_car_parking_spaces"": ""0"", ""total_of_special_requests"": ""0"", ""reservation_status"": ""Check-Out"", ""reservation_status_date"": ""2015-09-13""}",No guests in booking
42934,"{""hotel"": ""City Hotel"", ""is_canceled"": ""0"", ""lead_time"": ""4"", ""arrival_date_year"": ""2015"", ""arrival_date_month"": ""September"", ""arrival_date_week_number"": ""37"", ""arrival_date_day_of_month"": ""11"", ""stays_in_weekend_nights"": ""0"", ""stays_in_week_nights"": ""1"", ""adults"": ""0"", ""children"": ""0"", ""babies"": ""0"", ""meal"": ""BB"", ""country"": ""PRT"", ""market_segment"": ""Direct"", ""distribution_channel"": ""Direct"", ""is_repeated_guest"": ""0"", ""previous_cancellations"": ""0"", ""previous_bookings_not_canceled"": ""0"", ""reserved_room_type"": ""A"", ""assigned_room_type"": ""K"", ""booking_changes"": ""0"", ""deposit_type"": ""No Deposit"", ""agent"": null, ""company"": null, ""days_in_waiting_list"": ""0"", ""customer_type"": ""Transient"", ""adr"": ""0"", ""required_car_parking_spaces"": ""0"", ""total_of_special_requests"": ""0"", ""reservation_status"": ""Check-Out"", ""reservation_status_date"": ""2015-09-12""}",No guests in booking
47166,"{""hotel"": ""City Hotel"", ""is_canceled"": ""1"", ""lead_time"": ""1"", ""arrival_date_year"": ""2016"", ""arrival_date_month"": ""February"", ""arrival_date_week_number"": ""7"", ""arrival_date_day_of_month"": ""11"", ""stays_in_weekend_nights"": ""0"", ""stays_in_week_nights"": ""3"", ""adults"": ""0"", ""children"": ""0"", ""babies"": ""0"", ""meal"": ""BB"", ""country"": ""GBR"", ""market_segment"": ""Online TA"", ""distribution_channel"": ""TA/TO"", ""is_repeated_guest"": ""0"", ""previous_cancellations"": ""0"", ""previous_bookings_not_canceled"": ""0"", ""reserved_room_type"": ""B"", ""assigned_room_type"": ""B"", ""booking_changes"": ""0"", ""deposit_type"": ""No Deposit"", ""agent"": ""9"", ""company"": null, ""days_in_waiting_list"": ""0"", ""customer_type"": ""Transient"", ""adr"": ""0"", ""required_car_parking_spaces"": ""0"", ""total_of_special_requests"": ""1"", ""reservation_status"": ""No-Show"", ""reservation_status_date"": ""2016-02-11""}",No guests in booking
47180,"{""hotel"": ""City Hotel"", ""is_canceled"": ""0"", ""lead_time"": ""0"", ""arrival_date_year"": ""2016"", ""arrival_date_month"": ""February"", ""arrival_date_week_number"": ""7"", ""arrival_date_day_of_month"": ""12"", ""stays_in_weekend_nights"": ""0"", ""stays_in_week_nights"": ""1"", ""adults"": ""0"", ""children"": ""0"", ""babies"": ""0"", ""meal"": ""SC"", ""country"": ""PRT"", ""market_segment"": ""Complementary"", ""distribution_channel"": ""Corporate"", ""is_repeated_guest"": ""0"", ""previous_cancellations"": ""0"", ""previous_bookings_not_canceled"": ""0"", ""reserved_room_type"": ""D"", ""assigned_room_type"": ""A"", ""booking_changes"": ""2"", ""deposit_type"": ""No Deposit"", ""agent"": null, ""company"": ""45"", ""days_in_waiting_list"": ""0"", ""customer_type"": ""Transient"", ""adr"": ""0"", ""required_car_parking_spaces"": ""0"", ""total_of_special_requests"": ""2"", ""reservation_status"": ""Check-Out"", ""reservation_status_date"": ""2016-02-13""}",No guests in booking
47444,"{""hotel"": ""City Hotel"", ""is_canceled"": ""0"", ""lead_time"": ""48"", ""arrival_date_year"": ""2016"", ""arrival_date_month"": ""February"", ""arrival_date_week_number"": ""9"", ""arrival_date_day_of_month"": ""21"", ""stays_in_weekend_nights"": ""2"", ""stays_in_week_nights"": ""4"", ""adults"": ""0"", ""children"": ""0"", ""babies"": ""0"", ""meal"": ""SC"", ""country"": ""CHE"", ""market_segment"": ""Direct"", ""distribution_channel"": ""Direct"", ""is_repeated_guest"": ""0"", ""previous_cancellations"": ""0"", ""previous_bookings_not_canceled"": ""0"", ""reserved_room_type"": ""B"", ""assigned_room_type"": ""K"", ""booking_changes"": ""2"", ""deposit_type"": ""No Deposit"", ""agent"": ""14"", ""company"": null, ""days_in_waiting_list"": ""0"", ""customer_type"": ""Transient-Party"", ""adr"": ""56.27"", ""required_car_parking_spaces"": ""0"", ""total_of_special_requests"": ""0"", ""reservation_status"": ""Check-Out"", ""reservation_status_date"": ""2016-02-27""}",No guests in booking
49264,"{""hotel"": ""City Hotel"", ""is_canceled"": ""1"", ""lead_time"": ""173"", ""arrival_date_year"": ""2016"", ""arrival_date_month"": ""April"", ""arrival_date_week_number"": ""15"", ""arrival_date_day_of_month"": ""8"", ""stays_in_weekend_nights"": ""2"", ""stays_in_week_nights"": ""3"", ""adults"": ""0"", ""children"": ""0"", ""babies"": ""0"", ""meal"": ""BB"", ""country"": ""PRT"", ""market_segment"": ""Offline TA/TO"", ""distribution_channel"": ""TA/TO"", ""is_repeated_guest"": ""0"", ""previous_cancellations"": ""0"", ""previous_bookings_not_canceled"": ""0"", ""reserved_room_type"": ""A"", ""assigned_room_type"": ""A"", ""booking_changes"": ""0"", ""deposit_type"": ""No Deposit"", ""agent"": ""21"", ""company"": null, ""days_in_waiting_list"": ""0"", ""customer_type"": ""Transient-Party"", ""adr"": ""0"", ""required_car_parking_spaces"": ""0"", ""total_of_special_requests"": ""0"", ""reservation_status"": ""Canceled"", ""reservation_status_date"": ""2016-03-29""}",No guests in booking
50701,"{""hotel"": ""City Hotel"", ""is_canceled"": ""0"", ""lead_time"": ""122"", ""arrival_date_year"": ""2016"", ""arrival_date_month"": ""May"", ""arrival_date_week_number"": ""19"", ""arrival_date_day_of_month"": ""5"", ""stays_in_weekend_nights"": ""2"", ""stays_in_week_nights"": ""4"", ""adults"": ""0"", ""children"": ""0"", ""babies"": ""0"", ""meal"": ""SC"", ""country"": ""PRT"", ""market_segment"": ""Online TA"", ""distribution_channel"": ""TA/TO"", ""is_repeated_guest"": ""0"", ""previous_cancellations"": ""0"", ""previous_bookings_not_canceled"": ""0"", ""reserved_room_type"": ""E"", ""assigned_room_type"": ""K"", ""booking_changes"": ""3"", ""deposit_type"": ""No Deposit"", ""agent"": ""11"", ""company"": null, ""days_in_waiting_list"": ""0"", ""customer_type"": ""Transient"", ""adr"": ""50.87"", ""required_car_parking_spaces"": ""0"", ""total_of_special_requests"": ""0"", ""reservation_status"": ""Check-Out"", ""reservation_status_date"": ""2016-05-11""}",No guests in booking
50702,"{""hotel"": ""City Hotel"", ""is_canceled"": ""0"", ""lead_time"": ""122"", ""arrival_date_year"": ""2016"", ""arrival_date_month"": ""May"", ""arrival_date_week_number"": ""19"", ""arrival_date_day_of_month"": ""5"", ""stays_in_weekend_nights"": ""2"", ""stays_in_week_nights"": ""4"", ""adults"": ""0"", ""children"": ""0"", ""babies"": ""0"", ""meal"": ""SC"", ""country"": ""CHE"", ""market_segment"": ""Online TA"", ""distribution_channel"": ""TA/TO"", ""is_repeated_guest"": ""0"", ""previous_cancellations"": ""0"", ""previous_bookings_not_canceled"": ""0"", ""reserved_room_type"": ""E"", ""assigned_room_type"": ""K"", ""booking_changes"": ""3"", ""deposit_type"": ""No Deposit"", ""agent"": ""11"", ""company"": null, ""days_in_waiting_list"": ""0"", ""customer_type"": ""Transient"", ""adr"": ""50.87"", ""required_car_parking_spaces"": ""0"", ""total_of_special_requests"": ""0"", ""reservation_status"": ""Check-Out"", ""reservation_status_date"": ""2016-05-11""}",No guests in booking
54025,"{""hotel"": ""City Hotel"", ""is_canceled"": ""0"", ""lead_time"": ""198"", ""arrival_date_year"": ""2016"", ""arrival_date_month"": ""July"", ""arrival_date_week_number"": ""28"", ""arrival_date_day_of_month"": ""6"", ""stays_in_weekend_nights"": ""0"", ""stays_in_week_nights"": ""4"", ""adults"": ""0"", ""children"": ""0"", ""babies"": ""0"", ""meal"": ""BB"", ""country"": ""GBR"", ""market_segment"": ""Online TA"", ""distribution_channel"": ""TA/TO"", ""is_repeated_guest"": ""0"", ""previous_cancellations"": ""0"", ""previous_bookings_not_canceled"": ""0"", ""reserved_room_type"": ""A"", ""assigned_room_type"": ""K"", ""booking_changes"": ""0"", ""deposit_type"": ""No Deposit"", ""agent"": ""9"", ""company"": null, ""days_in_waiting_list"": ""0"", ""customer_type"": ""Transient"", ""adr"": ""0"", ""required_car_parking_spaces"": ""0"", ""total_of_special_requests"": ""1"", ""reservation_status"": ""Check-Out"", ""reservation_status_date"": ""2016-07-10""}",No guests in booking
54037,"{""hotel"": ""City Hotel"", ""is_canceled"": ""1"", ""lead_time"": ""244"", ""arrival_date_year"": ""2016"", ""arrival_date_month"": ""July"", ""arrival_date_week_number"": ""28"", ""arrival_date_day_of_month"": ""6"", ""stays_in_weekend_nights"": ""2"", ""stays_in_week_nights"": ""4"", ""adults"": ""0"", ""children"": ""0"", ""babies"": ""0"", ""meal"": ""SC"", ""country"": ""PRT"", ""market_segment"": ""Offline TA/TO"", ""distribution_channel"": ""TA/TO"", ""is_repeated_guest"": ""0"", ""previous_cancellations"": ""0"", ""previous_bookings_not_canceled"": ""0"", ""reserved_room_type"": ""E"", ""assigned_room_type"": ""E"", ""booking_changes"": ""0"", ""deposit_type"": ""No Deposit"", ""agent"": ""19"", ""company"": null, ""days_in_waiting_list"": ""0"", ""customer_type"": ""Transient"", ""adr"": ""0"", ""required_car_parking_spaces"": ""0"", ""total_of_special_requests"": ""0"", ""reservation_status"": ""Canceled"", ""reservation_status_date"": ""2016-02-23""}",No guests in booking
54047,"{""hotel"": ""City Hotel"", ""is_canceled"": ""1"", ""lead_time"": ""244"", ""arrival_date_year"": ""2016"", ""arrival_date_month"": ""July"", ""arrival_date_week_number"": ""28"", ""arrival_date_day_of_month"": ""6"", ""stays_in_weekend_nights"": ""2"", ""stays_in_week_nights"": ""4"", ""adults"": ""0"", ""children"": ""0"", ""babies"": ""0"", ""meal"": ""SC"", ""country"": ""PRT"", ""market_segment"": ""Offline TA/TO"", ""distribution_channel"": ""TA/TO"", ""is_repeated_guest"": ""0"", ""previous_cancellations"": ""0"", ""previous_bookings_not_canceled"": ""0"", ""reserved_room_type"": ""E"", ""assigned_room_type"": ""E"", ""booking_changes"": ""0"", ""deposit_type"": ""No Deposit"", ""agent"": ""19"", ""company"": null, ""days_in_waiting_list"": ""0"", ""customer_type"": ""Transient"", ""adr"": ""0"", ""required_car_parking_spaces"": ""0"", ""total_of_special_requests"": ""0"", ""reservation_status"": ""Canceled"", ""reservation_status_date"": ""2016-02-23""}",No guests in booking
54093,"{""hotel"": ""City Hotel"", ""is_canceled"": ""1"", ""lead_time"": ""244"", ""arrival_date_year"": ""2016"", ""arrival_date_month"": ""July"", ""arrival_date_week_number"": ""28"", ""arrival_date_day_of_month"": ""6"", ""stays_in_weekend_nights"": ""2"", ""stays_in_week_nights"": ""4"", ""adults"": ""0"", ""children"": ""0"", ""babies"": ""0"", ""meal"": ""SC"", ""country"": ""PRT"", ""market_segment"": ""Offline TA/TO"", ""distribution_channel"": ""TA/TO"", ""is_repeated_guest"": ""0"", ""previous_cancellations"": ""0"", ""previous_bookings_not_canceled"": ""0"", ""reserved_room_type"": ""E"", ""assigned_room_type"": ""E"", ""booking_changes"": ""0"", ""deposit_type"": ""No Deposit"", ""agent"": ""19"", ""company"": null, ""days_in_waiting_list"": ""0"", ""customer_type"": ""Transient"", ""adr"": ""0"", ""required_car_parking_spaces"": ""0"", ""total_of_special_requests"": ""0"", ""reservation_status"": ""Canceled"", ""reservation_status_date"": ""2016-02-23""}",No guests in booking
55809,"{""hotel"": ""City Hotel"", ""is_canceled"": ""0"", ""lead_time"": ""256"", ""arrival_date_year"": ""2016"", ""arrival_date_month"": ""August"", ""arrival_date_week_number"": ""35"", ""arrival_date_day_of_month"": ""21"", ""stays_in_weekend_nights"": ""3"", ""stays_in_week_nights"": ""5"", ""adults"": ""0"", ""children"": ""0"", ""babies"": ""0"", ""meal"": ""BB"", ""country"": ""PRT"", ""market_segment"": ""Online TA"", ""distribution_channel"": ""TA/TO"", ""is_repeated_guest"": ""0"", ""previous_cancellations"": ""0"", ""previous_bookings_not_canceled"": ""0"", ""reserved_room_type"": ""A"", ""assigned_room_type"": ""K"", ""booking_changes"": ""1"", ""deposit_type"": ""No Deposit"", ""agent"": ""11"", ""company"": null, ""days_in_waiting_list"": ""0"", ""customer_type"": ""Transient"", ""adr"": ""57.3"", ""required_car_parking_spaces"": ""0"", ""total_of_special_requests"": ""0"", ""reservation_status"": ""Check-Out"", ""reservation_status_date"": ""2016-08-29""}",No guests in booking
60651,"{""hotel"": ""City Hotel"", ""is_canceled"": ""1"", ""lead_time"": ""0"", ""arrival_date_year"": ""2016"", ""arrival_date_month"": ""November"", ""arrival_date_week_number"": ""47"", ""arrival_date_day_of_month"": ""17"", ""stays_in_weekend_nights"": ""4"", ""stays_in_week_nights"": ""11"", ""adults"": ""0"", ""children"": ""0"", ""babies"": ""0"", ""meal"": ""SC"", ""country"": null, ""market_segment"": ""Corporate"", ""distribution_channel"": ""Direct"", ""is_repeated_guest"": ""0"", ""previous_cancellations"": ""0"", ""previous_bookings_not_canceled"": ""0"", ""reserved_room_type"": ""P"", ""assigned_room_type"": ""P"", ""booking_changes"": ""0"", ""deposit_type"": ""No Deposit"", ""agent"": null, ""company"": ""279"", ""days_in_waiting_list"": ""0"", ""customer_type"": ""Transient"", ""adr"": ""0"", ""required_car_parking_spaces"": ""0"", ""total_of_special_requests"": ""0"", ""reservation_status"": ""Canceled"", ""reservation_status_date"": ""2016-11-17""}",No guests in booking
61244,"{""hotel"": ""City Hotel"", ""is_canceled"": ""1"", ""lead_time"": ""0"", ""arrival_date_year"": ""2016"", ""arrival_date_month"": ""December"", ""arrival_date_week_number"": ""50"", ""arrival_date_day_of_month"": ""6"", ""stays_in_weekend_nights"": ""0"", ""stays_in_week_nights"": ""0"", ""adults"": ""0"", ""children"": ""0"", ""babies"": ""0"", ""meal"": ""SC"", ""country"": null, ""market_segment"": ""Complementary"", ""distribution_channel"": ""Corporate"", ""is_repeated_guest"": ""0"", ""previous_cancellations"": ""0"", ""previous_bookings_not_canceled"": ""0"", ""reserved_room_type"": ""P"", ""assigned_room_type"": ""P"", ""booking_changes"": ""0"", ""deposit_type"": ""No Deposit"", ""agent"": null, ""company"": ""279"", ""days_in_waiting_list"": ""0"", ""customer_type"": ""Transient"", ""adr"": ""0"", ""required_car_parking_spaces"": ""0"", ""total_of_special_requests"": ""0"", ""reservation_status"": ""Canceled"", ""reservation_status_date"": ""2016-12-06""}",No guests in booking
61245,"{""hotel"": ""City Hotel"", ""is_canceled"": ""1"", ""lead_time"": ""0"", ""arrival_date_year"": ""2016"", ""arrival_date_month"": ""December"", ""arrival_date_week_number"": ""50"", ""arrival_date_day_of_month"": ""6"", ""stays_in_weekend_nights"": ""0"", ""stays_in_week_nights"": ""0"", ""adults"": ""0"", ""children"": ""0"", ""babies"": ""0"", ""meal"": ""SC"", ""country"": null, ""market_segment"": ""Complementary"", ""distribution_channel"": ""Corporate"", ""is_repeated_guest"": ""0"", ""previous_cancellations"": ""0"", ""previous_bookings_not_canceled"": ""0"", ""reserved_room_type"": ""P"", ""assigned_room_type"": ""P"", ""booking_changes"": ""0"", ""deposit_type"": ""No Deposit"", ""agent"": null, ""company"": ""279"", ""days_in_waiting_list"": ""0"", ""customer_type"": ""Transient"", ""adr"": ""0"", ""required_car_parking_spaces"": ""0"", ""total_of_special_requests"": ""0"", ""reservation_status"": ""Canceled"", ""reservation_status_date"": ""2016-12-06""}",No guests in booking
61249,"{""hotel"": ""City Hotel"", ""is_canceled"": ""1"", ""lead_time"": ""0"", ""arrival_date_year"": ""2016"", ""arrival_date_month"": ""December"", ""arrival_date_week_number"": ""50"", ""arrival_date_day_of_month"": ""6"", ""stays_in_weekend_nights"": ""0"", ""stays_in_week_nights"": ""0"", ""adults"": ""0"", ""children"": ""0"", ""babies"": ""0"", ""meal"": ""SC"", ""country"": null, ""market_segment"": ""Complementary"", ""distribution_channel"": ""Corporate"", ""is_repeated_guest"": ""0"", ""previous_cancellations"": ""0"", ""previous_bookings_not_canceled"": ""0"", ""reserved_room_type"": ""P"", ""assigned_room_type"": ""P"", ""booking_changes"": ""0"", ""deposit_type"": ""No Deposit"", ""agent"": null, ""company"": ""279"", ""days_in_waiting_list"": ""0"", ""customer_type"": ""Transient"", ""adr"": ""0"", ""required_car_parking_spaces"": ""0"", ""total_of_special_requests"": ""0"", ""reservation_status"": ""Canceled"", ""reservation_status_date"": ""2016-12-06""}",No guests in booking
62967,"{""hotel"": ""City Hotel"", ""is_canceled"": ""1"", ""lead_time"": ""1"", ""arrival_date_year"": ""2017"", ""arrival_date_month"": ""January"", ""arrival_date_week_number"": ""4"", ""arrival_date_day_of_month"": ""25"", ""stays_in_weekend_nights"": ""0"", ""stays_in_week_nights"": ""2"", ""adults"": ""0"", ""children"": ""0"", ""babies"": ""0"", ""meal"": ""SC"", ""country"": ""PRT"", ""market_segment"": ""Complementary"", ""distribution_channel"": ""Direct"", ""is_repeated_guest"": ""0"", ""previous_cancellations"": ""0"", ""previous_bookings_not_canceled"": ""0"", ""reserved_room_type"": ""E"", ""assigned_room_type"": ""E"", ""booking_changes"": ""1"", ""deposit_type"": ""No Deposit"", ""agent"": null, ""company"": null, ""days_in_waiting_list"": ""0"", ""customer_type"": ""Transient"", ""adr"": ""0"", ""required_car_parking_spaces"": ""0"", ""total_of_special_requests"": ""0"", ""reservation_status"": ""Canceled"", ""reservation_status_date"": ""2017-01-25""}",No guests in booking
63796,"{""hotel"": ""City Hotel"", ""is_canceled"": ""1"", ""lead_time"": ""4"", ""arrival_date_year"": ""2017"", ""arrival_date_month"": ""February"", ""arrival_date_week_number"": ""8"", ""arrival_date_day_of_month"": ""21"", ""stays_in_weekend_nights"": ""0"", ""stays_in_week_nights"": ""3"", ""adults"": ""0"", ""children"": ""0"", ""babies"": ""0"", ""meal"": ""SC"", ""country"": ""PRT"", ""market_segment"": ""Groups"", ""distribution_channel"": ""TA/TO"", ""is_repeated_guest"": ""0"", ""previous_cancellations"": ""0"", ""previous_bookings_not_canceled"": ""0"", ""reserved_room_type"": ""A"", ""assigned_room_type"": ""A"", ""booking_changes"": ""0"", ""deposit_type"": ""No Deposit"", ""agent"": null, ""company"": null, ""days_in_waiting_list"": ""0"", ""customer_type"": ""Transient-Party"", ""adr"": ""0"", ""required_car_parking_spaces"": ""0"", ""total_of_special_requests"": ""0"", ""reservation_status"": ""Canceled"", ""reservation_status_date"": ""2017-02-17""}",No guests in booking
64782,"{""hotel"": ""City Hotel"", ""is_canceled"": ""1"", ""lead_time"": ""0"", ""arrival_date_year"": ""2017"", ""arrival_date_month"": ""March"", ""arrival_date_week_number"": ""11"", ""arrival_date_day_of_month"": ""16"", ""stays_in_weekend_nights"": ""0"", ""stays_in_week_nights"": ""3"", ""adults"": ""0"", ""children"": ""0"", ""babies"": ""0"", ""meal"": ""BB"", ""country"": ""PRT"", ""market_segment"": ""Offline TA/TO"", ""distribution_channel"": ""TA/TO"", ""is_repeated_guest"": ""0"", ""previous_cancellations"": ""0"", ""previous_bookings_not_canceled"": ""0"", ""reserved_room_type"": ""A"", ""assigned_room_type"": ""A"", ""booking_changes"": ""0"", ""deposit_type"": ""No Deposit"", ""agent"": null, ""company"": null, ""days_in_waiting_list"": ""0"", ""customer_type"": ""Transient"", ""adr"": ""0"", ""required_car_parking_spaces"": ""0"", ""total_of_special_requests"": ""0"", ""reservation_status"": ""Canceled"", ""reservation_status_date"": ""2017-03-16""}",No guests in booking
65907,"{""hotel"": ""City Hotel"", ""is_canceled"": ""1"", ""lead_time"": ""0"", ""arrival_date_year"": ""2017"", ""arrival_date_month"": ""April"", ""arrival_date_week_number"": ""15"", ""arrival_date_day_of_month"": ""10"", ""stays_in_weekend_nights"": ""0"", ""stays_in_week_nights"": ""0"", ""adults"": ""0"", ""children"": ""0"", ""babies"": ""0"", ""meal"": ""SC"", ""country"": null, ""market_segment"": ""Complementary"", ""distribution_channel"": ""Corporate"", ""is_repeated_guest"": ""0"", ""previous_cancellations"": ""0"", ""previous_bookings_not_canceled"": ""0"", ""reserved_room_type"": ""P"", ""assigned_room_type"": ""P"", ""booking_changes"": ""0"", ""deposit_type"": ""No Deposit"", ""agent"": null, ""company"": ""279"", ""days_in_waiting_list"": ""0"", ""customer_type"": ""Transient"", ""adr"": ""0"", ""required_car_parking_spaces"": ""0"", ""total_of_special_requests"": ""0"", ""reservation_status"": ""Canceled"", ""reservation_status_date"": ""2017-04-10""}",No guests in booking
65908,"{""hotel"": ""City Hotel"", ""is_canceled"": ""1"", ""lead_time"": ""0"", ""arrival_date_year"": ""2017"", ""arrival_date_month"": ""April"", ""arrival_date_week_number"": ""15"", ""arrival_date_day_of_month"": ""10"", ""stays_in_weekend_nights"": ""0"", ""stays_in_week_nights"": ""0"", ""adults"": ""0"", ""children"": ""0"", ""babies"": ""0"", ""meal"": ""SC"", ""country"": null, ""market_segment"": ""Complementary"", ""distribution_channel"": ""Corporate"", ""is_repeated_guest"": ""0"", ""previous_cancellations"": ""0"", ""previous_bookings_not_canceled"": ""0"", ""reserved_room_type"": ""P"", ""assigned_room_type"": ""P"", ""booking_changes"": ""0"", ""deposit_type"": ""No Deposit"", ""agent"": null, ""company"": ""279"", ""days_in_waiting_list"": ""0"", ""customer_type"": ""Transient"", ""adr"": ""0"", ""required_car_parking_spaces"": ""0"", ""total_of_special_requests"": ""0"", ""reservation_status"": ""Canceled"", ""reservation_status_date"": ""2017-04-10""}",No guests in booking
65909,"{""hotel"": ""City Hotel"", ""is_canceled"": ""1"", ""lead_time"": ""0"", ""arrival_date_year"": ""2017"", ""arrival_date_month"": ""April"", ""arrival_date_week_number"": ""15"", ""arrival_date_day_of_month"": ""10"", ""stays_in_weekend_nights"": ""0"", ""stays_in_week_nights"": ""0"", ""adults"": ""0"", ""children"": ""0"", ""babies"": ""0"", ""meal"": ""SC"", ""country"": null, ""market_segment"": ""Complementary"", ""distribution_channel"": ""Corporate"", ""is_repeated_guest"": ""0"", ""previous_cancellations"": ""0"", ""previous_bookings_not_canceled"": ""0"", ""reserved_room_type"": ""P"", ""assigned_room_type"": ""P"", ""booking_changes"": ""0"", ""deposit_type"": ""No Deposit"", ""agent"": null, ""company"": ""279"", ""days_in_waiting_list"": ""0"", ""customer_type"": ""Transient"", ""adr"": ""0"", ""required_car_parking_spaces"": ""0"", ""total_of_special_requests"": ""0"", ""reservation_status"": ""Canceled"", ""reservation_status_date"": ""2017-04-10""}",No guests in booking
65910,"{""hotel"": ""City Hotel"", ""is_canceled"": ""1"", ""lead_time"": ""0"", ""arrival_date_year"": ""2017"", ""arrival_date_month"": ""April"", ""arrival_date_week_number"": ""15"", ""arrival_date_day_of_month"": ""10"", ""stays_in_weekend_nights"": ""0"", ""stays_in_week_nights"": ""0"", ""adults"": ""0"", ""children"": ""0"", ""babies"": ""0"", ""meal"": ""SC"", ""country"": null, ""market_segment"": ""Complementary"", ""distribution_channel"": ""Corporate"", ""is_repeated_guest"": ""0"", ""previous_cancellations"": ""0"", ""previous_bookings_not_canceled"": ""0"", ""reserved_room_type"": ""P"", ""assigned_room_type"": ""P"", ""booking_changes"": ""0"", ""deposit_type"": ""No Deposit"", ""agent"": null, ""company"": ""279"", ""days_in_waiting_list"": ""0"", ""customer_type"": ""Transient"", ""adr"": ""0"", ""required_car_parking_spaces"": ""0"", ""total_of_special_requests"": ""0"", ""reservation_status"": ""Canceled"", ""reservation_status_date"": ""2017-04-10""}",No guests in booking
69668,"{""hotel"": ""City Hotel"", ""is_canceled"": ""1"", ""lead_time"": ""434"", ""arrival_date_year"": ""2017"", ""arrival_date_month"": ""June"", ""arrival_date_week_number"": ""22"", ""arrival_date_day_of_month"": ""3"", ""stays_in_weekend_nights"": ""2"", ""stays_in_week_nights"": ""1"", ""adults"": ""0"", ""children"": ""0"", ""babies"": ""0"", ""meal"": ""HB"", ""country"": ""PRT"", ""market_segment"": ""Groups"", ""distribution_channel"": ""TA/TO"", ""is_repeated_guest"": ""0"", ""previous_cancellations"": ""0"", ""previous_bookings_not_canceled"": ""0"", ""reserved_room_type"": ""A"", ""assigned_room_type"": ""A"", ""booking_changes"": ""1"", ""deposit_type"": ""No Deposit"", ""agent"": ""229"", ""company"": null, ""days_in_waiting_list"": ""0"", ""customer_type"": ""Transient-Party"", ""adr"": ""0"", ""required_car_parking_spaces"": ""0"", ""total_of_special_requests"": ""1"", ""reservation_status"": ""Canceled"", ""reservation_status_date"": ""2017-06-03""}",No guests in booking
72967,"{""hotel"": ""City Hotel"", ""is_canceled"": ""1"", ""lead_time"": ""0"", ""arrival_date_year"": ""2017"", ""arrival_date_month"": ""August"", ""arrival_date_week_number"": ""32"", ""arrival_date_day_of_month"": ""11"", ""stays_in_weekend_nights"": ""0"", ""stays_in_week_nights"": ""0"", ""adults"": ""0"", ""children"": ""0"", ""babies"": ""0"", ""meal"": ""SC"", ""country"": ""PRT"", ""market_segment"": ""Online TA"", ""distribution_channel"": ""TA/TO"", ""is_repeated_guest"": ""0"", ""previous_cancellations"": ""0"", ""previous_bookings_not_canceled"": ""0"", ""reserved_room_type"": ""P"", ""assigned_room_type"": ""P"", ""booking_changes"": ""0"", ""deposit_type"": ""No Deposit"", ""agent"": null, ""company"": null, ""days_in_waiting_list"": ""0"", ""customer_type"": ""Transient"", ""adr"": ""0"", ""required_car_parking_spaces"": ""0"", ""total_of_special_requests"": ""0"", ""reservation_status"": ""Canceled"", ""reservation_status_date"": ""2017-08-11""}",No guests in booking
72968,"{""hotel"": ""City Hotel"", ""is_canceled"": ""1"", ""lead_time"": ""0"", ""arrival_date_year"": ""2017"", ""arrival_date_month"": ""August"", ""arrival_date_week_number"": ""32"", ""arrival_date_day_of_month"": ""11"", ""stays_in_weekend_nights"": ""0"", ""stays_in_week_nights"": ""0"", ""adults"": ""0"", ""children"": ""0"", ""babies"": ""0"", ""meal"": ""SC"", ""country"": ""PRT"", ""market_segment"": ""Online TA"", ""distribution_channel"": ""TA/TO"", ""is_repeated_guest"": ""0"", ""previous_cancellations"": ""0"", ""previous_bookings_not_canceled"": ""0"", ""reserved_room_type"": ""P"", ""assigned_room_type"": ""P"", ""booking_changes"": ""0"", ""deposit_type"": ""No Deposit"", ""agent"": null, ""company"": null, ""days_in_waiting_list"": ""0"", ""customer_type"": ""Transient"", ""adr"": ""0"", ""required_car_parking_spaces"": ""0"", ""total_of_special_requests"": ""0"", ""reservation_status"": ""Canceled"", ""reservation_status_date"": ""2017-08-11""}",No guests in booking
76620,"{""hotel"": ""City Hotel"", ""is_canceled"": ""0"", ""lead_time"": ""110"", ""arrival_date_year"": ""2015"", ""arrival_date_month"": ""July"", ""arrival_date_week_number"": ""30"", ""arrival_date_day_of_month"": ""25"", ""stays_in_weekend_nights"": ""2"", ""stays_in_week_nights"": ""2"", ""adults"": ""0"", ""children"": ""0"", ""babies"": ""0"", ""meal"": ""HB"", ""country"": ""ITA"", ""market_segment"": ""Offline TA/TO"", ""distribution_channel"": ""TA/TO"", ""is_repeated_guest"": ""0"", ""previous_cancellations"": ""0"", ""previous_bookings_not_canceled"": ""0"", ""reserved_room_type"": ""A"", ""assigned_room_type"": ""A"", ""booking_changes"": ""2"", ""deposit_type"": ""No Deposit"", ""agent"": ""17"", ""company"": null, ""days_in_waiting_list"": ""0"", ""customer_type"": ""Transient-Party"", ""adr"": ""0"", ""required_car_parking_spaces"": ""0"", ""total_of_special_requests"": ""0"", ""reservation_status"": ""Check-Out"", ""reservation_status_date"": ""2015-07-29""}",No guests in booking
76985,"{""hotel"": ""City Hotel"", ""is_canceled"": ""0"", ""lead_time"": ""0"", ""arrival_date_year"": ""2015"", ""arrival_date_month"": ""August"", ""arrival_date_week_number"": ""33"", ""arrival_date_day_of_month"": ""11"", ""stays_in_weekend_nights"": ""2"", ""stays_in_week_nights"": ""10"", ""adults"": ""0"", ""children"": ""0"", ""babies"": ""0"", ""meal"": ""SC"", ""country"": ""ITA"", ""market_segment"": ""Corporate"", ""distribution_channel"": ""Corporate"", ""is_repeated_guest"": ""0"", ""previous_cancellations"": ""0"", ""previous_bookings_not_canceled"": ""0"", ""reserved_room_type"": ""A"", ""assigned_room_type"": ""K"", ""booking_changes"": ""11"", ""deposit_type"": ""No Deposit"", ""agent"": null, ""company"": ""38"", ""days_in_waiting_list"": ""0"", ""customer_type"": ""Group"", ""adr"": ""0"", ""required_car_parking_spaces"": ""0"", ""total_of_special_requests"": ""0"", ""reservation_status"": ""Check-Out"", ""reservation_status_date"": ""2015-08-23""}",No guests in booking
77001,"{""hotel"": ""City Hotel"", ""is_canceled"": ""0"", ""lead_time"": ""0"", ""arrival_date_year"": ""2015"", ""arrival_date_month"": ""August"", ""arrival_date_week_number"": ""35"", ""arrival_date_day_of_month"": ""26"", ""stays_in_weekend_nights"": ""0"", ""stays_in_week_nights"": ""1"", ""adults"": ""0"", ""children"": ""0"", ""babies"": ""0"", ""meal"": ""BB"", ""country"": ""PRT"", ""market_segment"": ""Online TA"", ""distribution_channel"": ""TA/TO"", ""is_repeated_guest"": ""0"", ""previous_cancellations"": ""0"", ""previous_bookings_not_canceled"": ""0"", ""reserved_room_type"": ""F"", ""assigned_room_type"": ""B"", ""booking_changes"": ""0"", ""deposit_type"": ""No Deposit"", ""agent"": null, ""company"": null, ""days_in_waiting_list"": ""0"", ""customer_type"": ""Contract"", ""adr"": ""0"", ""required_car_parking_spaces"": ""0"", ""total_of_special_requests"": ""2"", ""reservation_status"": ""Check-Out"", ""reservation_status_date"": ""2015-08-27""}",No guests in booking
77003,"{""hotel"": ""City Hotel"", ""is_canceled"": ""0"", ""lead_time"": ""0"", ""arrival_date_year"": ""2015"", ""arrival_date_month"": ""August"", ""arrival_date_week_number"": ""35"", ""arrival_date_day_of_month"": ""27"", ""stays_in_weekend_nights"": ""0"", ""stays_in_week_nights"": ""1"", ""adults"": ""0"", ""children"": ""0"", ""babies"": ""0"", ""meal"": ""BB"", ""country"": ""PRT"", ""market_segment"": ""Online TA"", ""distribution_channel"": ""Direct"", ""is_repeated_guest"": ""1"", ""previous_cancellations"": ""0"", ""previous_bookings_not_canceled"": ""0"", ""reserved_room_type"": ""F"", ""assigned_room_type"": ""B"", ""booking_changes"": ""0"", ""deposit_type"": ""No Deposit"", ""agent"": null, ""company"": null, ""days_in_waiting_list"": ""0"", ""customer_type"": ""Contract"", ""adr"": ""0"", ""required_car_parking_spaces"": ""0"", ""total_of_special_requests"": ""2"", ""reservation_status"": ""Check-Out"", ""reservation_status_date"": ""2015-08-28""}",No guests in booking
77447,"{""hotel"": ""City Hotel"", ""is_canceled"": ""0"", ""lead_time"": ""0"", ""arrival_date_year"": ""2015"", ""arrival_date_month"": ""October"", ""arrival_date_week_number"": ""42"", ""arrival_date_day_of_month"": ""15"", ""stays_in_weekend_nights"": ""0"", ""stays_in_week_nights"": ""0"", ""adults"": ""0"", ""children"": ""0"", ""babies"": ""0"", ""meal"": ""BB"", ""country"": ""PRT"", ""market_segment"": ""Direct"", ""distribution_channel"": ""Direct"", ""is_repeated_guest"": ""1"", ""previous_cancellations"": ""0"", ""previous_bookings_not_canceled"": ""1"", ""reserved_room_type"": ""A"", ""assigned_room_type"": ""E"", ""booking_changes"": ""0"", ""deposit_type"": ""No Deposit"", ""agent"": null, ""company"": null, ""days_in_waiting_list"": ""0"", ""customer_type"": ""Transient"", ""adr"": ""0"", ""required_car_parking_spaces"": ""0"", ""total_of_special_requests"": ""0"", ""reservation_status"": ""Check-Out"", ""reservation_status_date"": ""2015-10-15""}",No guests in booking
77998,"{""hotel"": ""City Hotel"", ""is_canceled"": ""0"", ""lead_time"": ""3"", ""arrival_date_year"": ""2015"", ""arrival_date_month"": ""September"", ""arrival_date_week_number"": ""39"", ""arrival_date_day_of_month"": ""24"", ""stays_in_weekend_nights"": ""2"", ""stays_in_week_nights"": ""4"", ""adults"": ""0"", ""children"": ""0"", ""babies"": ""0"", ""meal"": ""SC"", ""country"": ""ITA"", ""market_segment"": ""Groups"", ""distribution_channel"": ""TA/TO"", ""is_repeated_guest"": ""0"", ""previous_cancellations"": ""0"", ""previous_bookings_not_canceled"": ""0"", ""reserved_room_type"": ""A"", ""assigned_room_type"": ""D"", ""booking_changes"": ""0"", ""deposit_type"": ""No Deposit"", ""agent"": ""1"", ""company"": null, ""days_in_waiting_list"": ""0"", ""customer_type"": ""Transient-Party"", ""adr"": ""0"", ""required_car_parking_spaces"": ""0"", ""total_of_special_requests"": ""0"", ""reservation_status"": ""Check-Out"", ""reservation_status_date"": ""2015-09-30""}",No guests in booking
78257,"{""hotel"": ""City Hotel"", ""is_canceled"": ""0"", ""lead_time"": ""1"", ""arrival_date_year"": ""2015"", ""arrival_date_month"": ""October"", ""arrival_date_week_number"": ""40"", ""arrival_date_day_of_month"": ""3"", ""stays_in_weekend_nights"": ""2"", ""stays_in_week_nights"": ""2"", ""adults"": ""0"", ""children"": ""0"", ""babies"": ""0"", ""meal"": ""SC"", ""country"": ""PRT"", ""market_segment"": ""Groups"", ""distribution_channel"": ""TA/TO"", ""is_repeated_guest"": ""0"", ""previous_cancellations"": ""0"", ""previous_bookings_not_canceled"": ""0"", ""reserved_room_type"": ""A"", ""assigned_room_type"": ""K"", ""booking_changes"": ""1"", ""deposit_type"": ""No Deposit"", ""agent"": ""1"", ""company"": null, ""days_in_waiting_list"": ""0"", ""customer_type"": ""Transient-Party"", ""adr"": ""0"", ""required_car_parking_spaces"": ""0"", ""total_of_special_requests"": ""0"", ""reservation_status"": ""Check-Out"", ""reservation_status_date"": ""2015-10-07""}",No guests in booking
78586,"{""hotel"": ""City Hotel"", ""is_canceled"": ""0"", ""lead_time"": ""0"", ""arrival_date_year"": ""2015"", ""arrival_date_month"": ""November"", ""arrival_date_week_number"": ""49"", ""arrival_date_day_of_month"": ""30"", ""stays_in_weekend_nights"": ""1"", ""stays_in_week_nights"": ""2"", ""adults"": ""0"", ""children"": ""0"", ""babies"": ""0"", ""meal"": ""SC"", ""country"": ""PRT"", ""market_segment"": ""Corporate"", ""distribution_channel"": ""Corporate"", ""is_repeated_guest"": ""1"", ""previous_cancellations"": ""0"", ""previous_bookings_not_canceled"": ""1"", ""reserved_room_type"": ""A"", ""assigned_room_type"": ""A"", ""booking_changes"": ""2"", ""deposit_type"": ""No Deposit"", ""agent"": null, ""company"": ""40"", ""days_in_waiting_list"": ""0"", ""customer_type"": ""Transient"", ""adr"": ""6"", ""required_car_parking_spaces"": ""0"", ""total_of_special_requests"": ""0"", ""reservation_status"": ""Check-Out"", ""reservation_status_date"": ""2015-12-03""}",No guests in booking
78672,"{""hotel"": ""City Hotel"", ""is_canceled"": ""0"", ""lead_time"": ""0"", ""arrival_date_year"": ""2015"", ""arrival_date_month"": ""October"", ""arrival_date_week_number"": ""42"", ""arrival_date_day_of_month"": ""14"", ""stays_in_weekend_nights"": ""0"", ""stays_in_week_nights"": ""1"", ""adults"": ""0"", ""children"": ""0"", ""babies"": ""0"", ""meal"": ""BB"", ""country"": ""PRT"", ""market_segment"": ""Direct"", ""distribution_channel"": ""Corporate"", ""is_repeated_guest"": ""1"", ""previous_cancellations"": ""0"", ""previous_bookings_not_canceled"": ""0"", ""reserved_room_type"": ""A"", ""assigned_room_type"": ""B"", ""booking_changes"": ""1"", ""deposit_type"": ""No Deposit"", ""agent"": null, ""company"": null, ""days_in_waiting_list"": ""0"", ""customer_type"": ""Transient"", ""adr"": ""0"", ""required_car_parking_spaces"": ""0"", ""total_of_special_requests"": ""0"", ""reservation_status"": ""Check-Out"", ""reservation_status_date"": ""2015-10-15""}",No guests in booking
79077,"{""hotel"": ""City Hotel"", ""is_canceled"": ""0"", ""lead_time"": ""64"", ""arrival_date_year"": ""2015"", ""arrival_date_month"": ""October"", ""arrival_date_week_number"": ""42"", ""arrival_date_day_of_month"": ""16"", ""stays_in_weekend_nights"": ""2"", ""stays_in_week_nights"": ""3"", ""adults"": ""0"", ""children"": ""0"", ""babies"": ""0"", ""meal"": ""SC"", ""country"": ""FRA"", ""market_segment"": ""Offline TA/TO"", ""distribution_channel"": ""TA/TO"", ""is_repeated_guest"": ""0"", ""previous_cancellations"": ""0"", ""previous_bookings_not_canceled"": ""0"", ""reserved_room_type"": ""A"", ""assigned_room_type"": ""K"", ""booking_changes"": ""2"", ""deposit_type"": ""No Deposit"", ""agent"": ""50"", ""company"": null, ""days_in_waiting_list"": ""0"", ""customer_type"": ""Transient-Party"", ""adr"": ""0"", ""required_car_parking_spaces"": ""0"", ""total_of_special_requests"": ""0"", ""reservation_status"": ""Check-Out"", ""reservation_status_date"": ""2015-10-21""}",No guests in booking
79807,"{""hotel"": ""City Hotel"", ""is_canceled"": ""1"", ""lead_time"": ""244"", ""arrival_date_year"": ""2016"", ""arrival_date_month"": ""July"", ""arrival_date_week_number"": ""28"", ""arrival_date_day_of_month"": ""6"", ""stays_in_weekend_nights"": ""2"", ""stays_in_week_nights"": ""4"", ""adults"": ""0"", ""children"": ""0"", ""babies"": ""0"", ""meal"": ""SC"", ""country"": ""PRT"", ""market_segment"": ""Offline TA/TO"", ""distribution_channel"": ""TA/TO"", ""is_repeated_guest"": ""1"", ""previous_cancellations"": ""1"", ""previous_bookings_not_canceled"": ""0"", ""reserved_room_type"": ""E"", ""assigned_room_type"": ""E"", ""booking_changes"": ""0"", ""deposit_type"": ""No Deposit"", ""agent"": ""19"", ""company"": null, ""days_in_waiting_list"": ""0"", ""customer_type"": ""Transient"", ""adr"": ""0"", ""required_car_parking_spaces"": ""0"", ""total_of_special_requests"": ""0"", ""reservation_status"": ""Canceled"", ""reservation_status_date"": ""2015-11-05""}",No guests in booking
79808,"{""hotel"": ""City Hotel"", ""is_canceled"": ""1"", ""lead_time"": ""244"", ""arrival_date_year"": ""2016"", ""arrival_date_month"": ""July"", ""arrival_date_week_number"": ""28"", ""arrival_date_day_of_month"": ""6"", ""stays_in_weekend_nights"": ""2"", ""stays_in_week_nights"": ""4"", ""adults"": ""0"", ""children"": ""0"", ""babies"": ""0"", ""meal"": ""SC"", ""country"": ""PRT"", ""market_segment"": ""Offline TA/TO"", ""distribution_channel"": ""TA/TO"", ""is_repeated_guest"": ""1"", ""previous_cancellations"": ""1"", ""previous_bookings_not_canceled"": ""0"", ""reserved_room_type"": ""E"", ""assigned_room_type"": ""E"", ""booking_changes"": ""0"", ""deposit_type"": ""No Deposit"", ""agent"": ""19"", ""company"": null, ""days_in_waiting_list"": ""0"", ""customer_type"": ""Transient"", ""adr"": ""0"", ""required_car_parking_spaces"": ""0"", ""total_of_special_requests"": ""0"", ""reservation_status"": ""Canceled"", ""reservation_status_date"": ""2015-11-05""}",No guests in booking
80072,"{""hotel"": ""City Hotel"", ""is_canceled"": ""0"", ""lead_time"": ""0"", ""arrival_date_year"": ""2015"", ""arrival_date_month"": ""November"", ""arrival_date_week_number"": ""46"", ""arrival_date_day_of_month"": ""11"", ""stays_in_weekend_nights"": ""0"", ""stays_in_week_nights"": ""0"", ""adults"": ""0"", ""children"": ""0"", ""babies"": ""0"", ""meal"": ""SC"", ""country"": ""PRT"", ""market_segment"": ""Direct"", ""distribution_channel"": ""Direct"", ""is_repeated_guest"": ""1"", ""previous_cancellations"": ""0"", ""previous_bookings_not_canceled"": ""0"", ""reserved_room_type"": ""D"", ""assigned_room_type"": ""D"", ""booking_changes"": ""0"", ""deposit_type"": ""No Deposit"", ""agent"": null, ""company"": null, ""days_in_waiting_list"": ""0"", ""customer_type"": ""Transient"", ""adr"": ""0"", ""required_car_parking_spaces"": ""0"", ""total_of_special_requests"": ""0"", ""reservation_status"": ""Check-Out"", ""reservation_status_date"": ""2015-11-11""}",No guests in booking
81481,"{""hotel"": ""City Hotel"", ""is_canceled"": ""0"", ""lead_time"": ""4"", ""arrival_date_year"": ""2015"", ""arrival_date_month"": ""December"", ""arrival_date_week_number"": ""50"", ""arrival_date_day_of_month"": ""11"", ""stays_in_weekend_nights"": ""0"", ""stays_in_week_nights"": ""1"", ""adults"": ""0"", ""children"": ""0"", ""babies"": ""0"", ""meal"": ""BB"", ""country"": ""PRT"", ""market_segment"": ""Complementary"", ""distribution_channel"": ""Direct"", ""is_repeated_guest"": ""0"", ""previous_cancellations"": ""0"", ""previous_bookings_not_canceled"": ""0"", ""reserved_room_type"": ""B"", ""assigned_room_type"": ""B"", ""booking_changes"": ""1"", ""deposit_type"": ""No Deposit"", ""agent"": ""45"", ""company"": null, ""days_in_waiting_list"": ""0"", ""customer_type"": ""Transient"", ""adr"": ""0"", ""required_car_parking_spaces"": ""0"", ""total_of_special_requests"": ""1"", ""reservation_status"": ""Check-Out"", ""reservation_status_date"": ""2015-12-12""}",No guests in booking
82264,"{""hotel"": ""City Hotel"", ""is_canceled"": ""0"", ""lead_time"": ""0"", ""arrival_date_year"": ""2015"", ""arrival_date_month"": ""December"", ""arrival_date_week_number"": ""52"", ""arrival_date_day_of_month"": ""24"", ""stays_in_weekend_nights"": ""0"", ""stays_in_week_nights"": ""0"", ""adults"": ""0"", ""children"": ""0"", ""babies"": ""0"", ""meal"": ""BB"", ""country"": ""FRA"", ""market_segment"": ""Offline TA/TO"", ""distribution_channel"": ""TA/TO"", ""is_repeated_guest"": ""1"", ""previous_cancellations"": ""0"", ""previous_bookings_not_canceled"": ""0"", ""reserved_room_type"": ""D"", ""assigned_room_type"": ""K"", ""booking_changes"": ""1"", ""deposit_type"": ""No Deposit"", ""agent"": ""28"", ""company"": null, ""days_in_waiting_list"": ""0"", ""customer_type"": ""Transient"", ""adr"": ""0"", ""required_car_parking_spaces"": ""0"", ""total_of_special_requests"": ""0"", ""reservation_status"": ""Check-Out"", ""reservation_status_date"": ""2015-12-24""}",No guests in booking
82265,"{""hotel"": ""City Hotel"", ""is_canceled"": ""0"", ""lead_time"": ""0"", ""arrival_date_year"": ""2015"", ""arrival_date_month"": ""December"", ""arrival_date_week_number"": ""52"", ""arrival_date_day_of_month"": ""24"", ""stays_in_weekend_nights"": ""0"", ""stays_in_week_nights"": ""0"", ""adults"": ""0"", ""children"": ""0"", ""babies"": ""0"", ""meal"": ""BB"", ""country"": ""FRA"", ""market_segment"": ""Offline TA/TO"", ""distribution_channel"": ""TA/TO"", ""is_repeated_guest"": ""1"", ""previous_cancellations"": ""0"", ""previous_bookings_not_canceled"": ""0"", ""reserved_room_type"": ""D"", ""assigned_room_type"": ""K"", ""booking_changes"": ""0"", ""deposit_type"": ""No Deposit"", ""agent"": ""28"", ""company"": null, ""days_in_waiting_list"": ""0"", ""customer_type"": ""Transient"", ""adr"": ""0"", ""required_car_parking_spaces"": ""0"", ""total_of_special_requests"": ""1"", ""reservation_status"": ""Check-Out"", ""reservation_status_date"": ""2015-12-24""}",No guests in booking
82266,"{""hotel"": ""City Hotel"", ""is_canceled"": ""0"", ""lead_time"": ""0"", ""arrival_date_year"": ""2015"", ""arrival_date_month"": ""December"", ""arrival_date_week_number"": ""52"", ""arrival_date_day_of_month"": ""24"", ""stays_in_weekend_nights"": ""0"", ""stays_in_week_nights"": ""0"", ""adults"": ""0"", ""children"": ""0"", ""babies"": ""0"", ""meal"": ""BB"", ""country"": ""ESP"", ""market_segment"": ""Offline TA/TO"", ""distribution_channel"": ""TA/TO"", ""is_repeated_guest"": ""1"", ""previous_cancellations"": ""0"", ""previous_bookings_not_canceled"": ""0"", ""reserved_room_type"": ""A"", ""assigned_room_type"": ""K"", ""booking_changes"": ""0"", ""deposit_type"": ""No Deposit"", ""agent"": ""28"", ""company"": null, ""days_in_waiting_list"": ""0"", ""customer_type"": ""Contract"", ""adr"": ""0"", ""required_car_parking_spaces"": ""0"", ""total_of_special_requests"": ""0"", ""reservation_status"": ""Check-Out"", ""reservation_status_date"": ""2015-12-24""}",No guests in booking
82267,"{""hotel"": ""City Hotel"", ""is_canceled"": ""0"", ""lead_time"": ""0"", ""arrival_date_year"": ""2015"", ""arrival_date_month"": ""December"", ""arrival_date_week_number"": ""52"", ""arrival_date_day_of_month"": ""24"", ""stays_in_weekend_nights"": ""0"", ""stays_in_week_nights"": ""0"", ""adults"": ""0"", ""children"": ""0"", ""babies"": ""0"", ""meal"": ""BB"", ""country"": ""FRA"", ""market_segment"": ""Offline TA/TO"", ""distribution_channel"": ""TA/TO"", ""is_repeated_guest"": ""1"", ""previous_cancellations"": ""0"", ""previous_bookings_not_canceled"": ""0"", ""reserved_room_type"": ""D"", ""assigned_room_type"": ""K"", ""booking_changes"": ""0"", ""deposit_type"": ""No Deposit"", ""agent"": ""28"", ""company"": null, ""days_in_waiting_list"": ""0"", ""customer_type"": ""Transient"", ""adr"": ""0"", ""required_car_parking_spaces"": ""0"", ""total_of_special_requests"": ""0"", ""reservation_status"": ""Check-Out"", ""reservation_status_date"": ""2015-12-24""}",No guests in booking
83506,"{""hotel"": ""City Hotel"", ""is_canceled"": ""0"", ""lead_time"": ""0"", ""arrival_date_year"": ""2016"", ""arrival_date_month"": ""February"", ""arrival_date_week_number"": ""6"", ""arrival_date_day_of_month"": ""4"", ""stays_in_weekend_nights"": ""0"", ""stays_in_week_nights"": ""1"", ""adults"": ""0"", ""children"": ""0"", ""babies"": ""0"", ""meal"": ""BB"", ""country"": ""PRT"", ""market_segment"": ""Complementary"", ""distribution_channel"": ""Direct"", ""is_repeated_guest"": ""0"", ""previous_cancellations"": ""0"", ""previous_bookings_not_canceled"": ""0"", ""reserved_room_type"": ""D"", ""assigned_room_type"": ""D"", ""booking_changes"": ""0"", ""deposit_type"": ""No Deposit"", ""agent"": ""45"", ""company"": null, ""days_in_waiting_list"": ""0"", ""customer_type"": ""Transient"", ""adr"": ""0"", ""required_car_parking_spaces"": ""0"", ""total_of_special_requests"": ""0"", ""reservation_status"": ""Check-Out"", ""reservation_status_date"": ""2016-02-05""}",No guests in booking
83810,"{""hotel"": ""City Hotel"", ""is_canceled"": ""0"", ""lead_time"": ""0"", ""arrival_date_year"": ""2016"", ""arrival_date_month"": ""February"", ""arrival_date_week_number"": ""7"", ""arrival_date_day_of_month"": ""11"", ""stays_in_weekend_nights"": ""0"", ""stays_in_week_nights"": ""2"", ""adults"": ""0"", ""children"": ""0"", ""babies"": ""0"", ""meal"": ""BB"", ""country"": ""ESP"", ""market_segment"": ""Direct"", ""distribution_channel"": ""Direct"", ""is_repeated_guest"": ""0"", ""previous_cancellations"": ""0"", ""previous_bookings_not_canceled"": ""0"", ""reserved_room_type"": ""A"", ""assigned_room_type"": ""D"", ""booking_changes"": ""4"", ""deposit_type"": ""No Deposit"", ""agent"": null, ""company"": null, ""days_in_waiting_list"": ""0"", ""customer_type"": ""Transient"", ""adr"": ""0"", ""required_car_parking_spaces"": ""0"", ""total_of_special_requests"": ""0"", ""reservation_status"": ""Check-Out"", ""reservation_status_date"": ""2016-02-13""}",No guests in booking
84198,"{""hotel"": ""City Hotel"", ""is_canceled"": ""0"", ""lead_time"": ""19"", ""arrival_date_year"": ""2016"", ""arrival_date_month"": ""February"", ""arrival_date_week_number"": ""8"", ""arrival_date_day_of_month"": ""14"", ""stays_in_weekend_nights"": ""3"", ""stays_in_week_nights"": ""5"", ""adults"": ""0"", ""children"": ""0"", ""babies"": ""0"", ""meal"": ""BB"", ""country"": ""GBR"", ""market_segment"": ""Online TA"", ""distribution_channel"": ""TA/TO"", ""is_repeated_guest"": ""0"", ""previous_cancellations"": ""0"", ""previous_bookings_not_canceled"": ""0"", ""reserved_room_type"": ""A"", ""assigned_room_type"": ""D"", ""booking_changes"": ""1"", ""deposit_type"": ""No Deposit"", ""agent"": ""9"", ""company"": null, ""days_in_waiting_list"": ""0"", ""customer_type"": ""Transient"", ""adr"": ""0"", ""required_car_parking_spaces"": ""0"", ""total_of_special_requests"": ""1"", ""reservation_status"": ""Check-Out"", ""reservation_status_date"": ""2016-02-22""}",No guests in booking
85490,"{""hotel"": ""City Hotel"", ""is_canceled"": ""0"", ""lead_time"": ""0"", ""arrival_date_year"": ""2016"", ""arrival_date_month"": ""March"", ""arrival_date_week_number"": ""12"", ""arrival_date_day_of_month"": ""16"", ""stays_in_weekend_nights"": ""0"", ""stays_in_week_nights"": ""0"", ""adults"": ""0"", ""children"": ""0"", ""babies"": ""0"", ""meal"": ""BB"", ""country"": ""PRT"", ""market_segment"": ""Direct"", ""distribution_channel"": ""Direct"", ""is_repeated_guest"": ""1"", ""previous_cancellations"": ""0"", ""previous_bookings_not_canceled"": ""0"", ""reserved_room_type"": ""A"", ""assigned_room_type"": ""A"", ""booking_changes"": ""0"", ""deposit_type"": ""No Deposit"", ""agent"": null, ""company"": null, ""days_in_waiting_list"": ""0"", ""customer_type"": ""Transient"", ""adr"": ""0"", ""required_car_parking_spaces"": ""0"", ""total_of_special_requests"": ""0"", ""reservation_status"": ""Check-Out"", ""reservation_status_date"": ""2016-03-16""}",No guests in booking
85491,"{""hotel"": ""City Hotel"", ""is_canceled"": ""0"", ""lead_time"": ""0"", ""arrival_date_year"": ""2016"", ""arrival_date_month"": ""March"", ""arrival_date_week_number"": ""12"", ""arrival_date_day_of_month"": ""16"", ""stays_in_weekend_nights"": ""0"", ""stays_in_week_nights"": ""0"", ""adults"": ""0"", ""children"": ""0"", ""babies"": ""0"", ""meal"": ""SC"", ""country"": ""DEU"", ""market_segment"": ""Online TA"", ""distribution_channel"": ""TA/TO"", ""is_repeated_guest"": ""1"", ""previous_cancellations"": ""0"", ""previous_bookings_not_canceled"": ""0"", ""reserved_room_type"": ""D"", ""assigned_room_type"": ""K"", ""booking_changes"": ""0"", ""deposit_type"": ""No Deposit"", ""agent"": null, ""company"": null, ""days_in_waiting_list"": ""0"", ""customer_type"": ""Transient"", ""adr"": ""0"", ""required_car_parking_spaces"": ""0"", ""total_of_special_requests"": ""1"", ""reservation_status"": ""Check-Out"", ""reservation_status_date"": ""2016-03-16""}",No guests in booking
85539,"{""hotel"": ""City Hotel"", ""is_canceled"": ""0"", ""lead_time"": ""0"", ""arrival_date_year"": ""2016"", ""arrival_date_month"": ""March"", ""arrival_date_week_number"": ""11"", ""arrival_date_day_of_month"": ""12"", ""stays_in_weekend_nights"": ""2"", ""stays_in_week_nights"": ""3"", ""adults"": ""0"", ""children"": ""0"", ""babies"": ""0"", ""meal"": ""SC"", ""country"": ""SVN"", ""market_segment"": ""Online TA"", ""distribution_channel"": ""TA/TO"", ""is_repeated_guest"": ""0"", ""previous_cancellations"": ""0"", ""previous_bookings_not_canceled"": ""0"", ""reserved_room_type"": ""A"", ""assigned_room_type"": ""K"", ""booking_changes"": ""1"", ""deposit_type"": ""No Deposit"", ""agent"": null, ""company"": null, ""days_in_waiting_list"": ""0"", ""customer_type"": ""Transient"", ""adr"": ""0"", ""required_car_parking_spaces"": ""0"", ""total_of_special_requests"": ""0"", ""reservation_status"": ""Check-Out"", ""reservation_status_date"": ""2016-03-17""}",No guests in booking
85931,"{""hotel"": ""City Hotel"", ""is_canceled"": ""0"", ""lead_time"": ""9"", ""arrival_date_year"": ""2016"", ""arrival_date_month"": ""March"", ""arrival_date_week_number"": ""12"", ""arrival_date_day_of_month"": ""16"", ""stays_in_weekend_nights"": ""2"", ""stays_in_week_nights"": ""6"", ""adults"": ""0"", ""children"": ""0"", ""babies"": ""0"", ""meal"": ""SC"", ""country"": ""NLD"", ""market_segment"": ""Groups"", ""distribution_channel"": ""TA/TO"", ""is_repeated_guest"": ""0"", ""previous_cancellations"": ""0"", ""previous_bookings_not_canceled"": ""0"", ""reserved_room_type"": ""A"", ""assigned_room_type"": ""K"", ""booking_changes"": ""2"", ""deposit_type"": ""No Deposit"", ""agent"": ""29"", ""company"": null, ""days_in_waiting_list"": ""0"", ""customer_type"": ""Transient"", ""adr"": ""3.38"", ""required_car_parking_spaces"": ""1"", ""total_of_special_requests"": ""0"", ""reservation_status"": ""Check-Out"", ""reservation_status_date"": ""2016-03-24""}",No guests in booking
88017,"{""hotel"": ""City Hotel"", ""is_canceled"": ""0"", ""lead_time"": ""16"", ""arrival_date_year"": ""2016"", ""arrival_date_month"": ""March"", ""arrival_date_week_number"": ""11"", ""arrival_date_day_of_month"": ""11"", ""stays_in_weekend_nights"": ""14"", ""stays_in_week_nights"": ""35"", ""adults"": ""0"", ""children"": ""0"", ""babies"": ""0"", ""meal"": ""BB"", ""country"": ""PRT"", ""market_segment"": ""Corporate"", ""distribution_channel"": ""TA/TO"", ""is_repeated_guest"": ""0"", ""previous_cancellations"": ""0"", ""previous_bookings_not_canceled"": ""0"", ""reserved_room_type"": ""A"", ""assigned_room_type"": ""K"", ""booking_changes"": ""21"", ""deposit_type"": ""No Deposit"", ""agent"": null, ""company"": ""215"", ""days_in_waiting_list"": ""0"", ""customer_type"": ""Transient-Party"", ""adr"": ""0"", ""required_car_parking_spaces"": ""0"", ""total_of_special_requests"": ""0"", ""reservation_status"": ""Check-Out"", ""reservation_status_date"": ""2016-04-29""}",No guests in booking
88327,"{""hotel"": ""City Hotel"", ""is_canceled"": ""0"", ""lead_time"": ""5"", ""arrival_date_year"": ""2016"", ""arrival_date_month"": ""April"", ""arrival_date_week_number"": ""18"", ""arrival_date_day_of_month"": ""27"", ""stays_in_weekend_nights"": ""2"", ""stays_in_week_nights"": ""5"", ""adults"": ""0"", ""children"": ""0"", ""babies"": ""0"", ""meal"": ""SC"", ""country"": ""ESP"", ""market_segment"": ""Direct"", ""distribution_channel"": ""Direct"", ""is_repeated_guest"": ""0"", ""previous_cancellations"": ""0"", ""previous_bookings_not_canceled"": ""0"", ""reserved_room_type"": ""A"", ""assigned_room_type"": ""K"", ""booking_changes"": ""4"", ""deposit_type"": ""No Deposit"", ""agent"": null, ""company"": null, ""days_in_waiting_list"": ""0"", ""customer_type"": ""Transient-Party"", ""adr"": ""0"", ""required_car_parking_spaces"": ""0"", ""total_of_special_requests"": ""0"", ""reservation_status"": ""Check-Out"", ""reservation_status_date"": ""2016-05-04""}",No guests in booking
88328,"{""hotel"": ""City Hotel"", ""is_canceled"": ""0"", ""lead_time"": ""30"", ""arrival_date_year"": ""2016"", ""arrival_date_month"": ""May"", ""arrival_date_week_number"": ""19"", ""arrival_date_day_of_month"": ""1"", ""stays_in_weekend_nights"": ""2"", ""stays_in_week_nights"": ""1"", ""adults"": ""0"", ""children"": ""0"", ""babies"": ""0"", ""meal"": ""SC"", ""country"": ""PRT"", ""market_segment"": ""Offline TA/TO"", ""distribution_channel"": ""TA/TO"", ""is_repeated_guest"": ""0"", ""previous_cancellations"": ""0"", ""previous_bookings_not_canceled"": ""0"", ""reserved_room_type"": ""A"", ""assigned_room_type"": ""K"", ""booking_changes"": ""3"", ""deposit_type"": ""No Deposit"", ""agent"": ""52"", ""company"": null, ""days_in_waiting_list"": ""0"", ""customer_type"": ""Transient"", ""adr"": ""0"", ""required_car_parking_spaces"": ""0"", ""total_of_special_requests"": ""0"", ""reservation_status"": ""Check-Out"", ""reservation_status_date"": ""2016-05-04""}",No guests in booking
88439,"{""hotel"": ""City Hotel"", ""is_canceled"": ""0"", ""lead_time"": ""52"", ""arrival_date_year"": ""2016"", ""arrival_date_month"": ""April"", ""arrival_date_week_number"": ""18"", ""arrival_date_day_of_month"": ""30"", ""stays_in_weekend_nights"": ""2"", ""stays_in_week_nights"": ""4"", ""adults"": ""0"", ""children"": ""0"", ""babies"": ""0"", ""meal"": ""SC"", ""country"": ""SWE"", ""market_segment"": ""Direct"", ""distribution_channel"": ""Direct"", ""is_repeated_guest"": ""0"", ""previous_cancellations"": ""0"", ""previous_bookings_not_canceled"": ""0"", ""reserved_room_type"": ""E"", ""assigned_room_type"": ""K"", ""booking_changes"": ""2"", ""deposit_type"": ""No Deposit"", ""agent"": ""14"", ""company"": null, ""days_in_waiting_list"": ""0"", ""customer_type"": ""Transient-Party"", ""adr"": ""136.46"", ""required_car_parking_spaces"": ""0"", ""total_of_special_requests"": ""1"", ""reservation_status"": ""Check-Out"", ""reservation_status_date"": ""2016-05-06""}",No guests in booking
89359,"{""hotel"": ""City Hotel"", ""is_canceled"": ""0"", ""lead_time"": ""0"", ""arrival_date_year"": ""2016"", ""arrival_date_month"": ""December"", ""arrival_date_week_number"": ""52"", ""arrival_date_day_of_month"": ""21"", ""stays_in_weekend_nights"": ""0"", ""stays_in_week_nights"": ""0"", ""adults"": ""0"", ""children"": ""0"", ""babies"": ""0"", ""meal"": ""BB"", ""country"": ""PRT"", ""market_segment"": ""Offline TA/TO"", ""distribution_channel"": ""TA/TO"", ""is_repeated_guest"": ""1"", ""previous_cancellations"": ""2"", ""previous_bookings_not_canceled"": ""6"", ""reserved_room_type"": ""A"", ""assigned_room_type"": ""A"", ""booking_changes"": ""1"", ""deposit_type"": ""No Deposit"", ""agent"": ""94"", ""company"": null, ""days_in_waiting_list"": ""0"", ""customer_type"": ""Transient"", ""adr"": ""0"", ""required_car_parking_spaces"": ""0"", ""total_of_special_requests"": ""2"", ""reservation_status"": ""Check-Out"", ""reservation_status_date"": ""2016-12-21""}",No guests in booking
89360,"{""hotel"": ""City Hotel"", ""is_canceled"": ""0"", ""lead_time"": ""0"", ""arrival_date_year"": ""2016"", ""arrival_date_month"": ""December"", ""arrival_date_week_number"": ""52"", ""arrival_date_day_of_month"": ""21"", ""stays_in_weekend_nights"": ""0"", ""stays_in_week_nights"": ""0"", ""adults"": ""0"", ""children"": ""0"", ""babies"": ""0"", ""meal"": ""BB"", ""country"": ""PRT"", ""market_segment"": ""Offline TA/TO"", ""distribution_channel"": ""TA/TO"", ""is_repeated_guest"": ""1"", ""previous_cancellations"": ""2"", ""previous_bookings_not_canceled"": ""6"", ""reserved_room_type"": ""A"", ""assigned_room_type"": ""A"", ""booking_changes"": ""0"", ""deposit_type"": ""No Deposit"", ""agent"": ""94"", ""company"": null, ""days_in_waiting_list"": ""0"", ""customer_type"": ""Transient"", ""adr"": ""0"", ""required_car_parking_spaces"": ""0"", ""total_of_special_requests"": ""2"", ""reservation_status"": ""Check-Out"", ""reservation_status_date"": ""2016-12-21""}",No guests in booking
90930,"{""hotel"": ""City Hotel"", ""is_canceled"": ""0"", ""lead_time"": ""107"", ""arrival_date_year"": ""2016"", ""arrival_date_month"": ""June"", ""arrival_date_week_number"": ""23"", ""arrival_date_day_of_month"": ""3"", ""stays_in_weekend_nights"": ""3"", ""stays_in_week_nights"": ""7"", ""adults"": ""0"", ""children"": ""0"", ""babies"": ""0"", ""meal"": ""SC"", ""country"": ""FRA"", ""market_segment"": ""Groups"", ""distribution_channel"": ""TA/TO"", ""is_repeated_guest"": ""0"", ""previous_cancellations"": ""0"", ""previous_bookings_not_canceled"": ""0"", ""reserved_room_type"": ""A"", ""assigned_room_type"": ""K"", ""booking_changes"": ""3"", ""deposit_type"": ""No Deposit"", ""agent"": ""37"", ""company"": null, ""days_in_waiting_list"": ""0"", ""customer_type"": ""Transient-Party"", ""adr"": ""0"", ""required_car_parking_spaces"": ""0"", ""total_of_special_requests"": ""0"", ""reservation_status"": ""Check-Out"", ""reservation_status_date"": ""2016-06-13""}",No guests in booking
91428,"{""hotel"": ""City Hotel"", ""is_canceled"": ""0"", ""lead_time"": ""0"", ""arrival_date_year"": ""2016"", ""arrival_date_month"": ""June"", ""arrival_date_week_number"": ""26"", ""arrival_date_day_of_month"": ""21"", ""stays_in_weekend_nights"": ""0"", ""stays_in_week_nights"": ""0"", ""adults"": ""0"", ""children"": ""0"", ""babies"": ""0"", ""meal"": ""BB"", ""country"": ""PRT"", ""market_segment"": ""Online TA"", ""distribution_channel"": ""TA/TO"", ""is_repeated_guest"": ""1"", ""previous_cancellations"": ""0"", ""previous_bookings_not_canceled"": ""0"", ""reserved_room_type"": ""D"", ""assigned_room_type"": ""C"", ""booking_changes"": ""1"", ""deposit_type"": ""No Deposit"", ""agent"": ""9"", ""company"": null, ""days_in_waiting_list"": ""0"", ""customer_type"": ""Transient"", ""adr"": ""0"", ""required_car_parking_spaces"": ""0"", ""total_of_special_requests"": ""1"", ""reservation_status"": ""Check-Out"", ""reservation_status_date"": ""2016-06-21""}",No guests in booking
92814,"{""hotel"": ""City Hotel"", ""is_canceled"": ""0"", ""lead_time"": ""108"", ""arrival_date_year"": ""2016"", ""arrival_date_month"": ""July"", ""arrival_date_week_number"": ""28"", ""arrival_date_day_of_month"": ""5"", ""stays_in_weekend_nights"": ""2"", ""stays_in_week_nights"": ""5"", ""adults"": ""0"", ""children"": ""0"", ""babies"": ""0"", ""meal"": ""SC"", ""country"": ""PRT"", ""market_segment"": ""Online TA"", ""distribution_channel"": ""TA/TO"", ""is_repeated_guest"": ""0"", ""previous_cancellations"": ""0"", ""previous_bookings_not_canceled"": ""0"", ""reserved_room_type"": ""A"", ""assigned_room_type"": ""K"", ""booking_changes"": ""0"", ""deposit_type"": ""No Deposit"", ""agent"": ""89"", ""company"": null, ""days_in_waiting_list"": ""0"", ""customer_type"": ""Transient"", ""adr"": ""77.53"", ""required_car_parking_spaces"": ""0"", ""total_of_special_requests"": ""0"", ""reservation_status"": ""Check-Out"", ""reservation_status_date"": ""2016-07-12""}",No guests in booking
92962,"{""hotel"": ""City Hotel"", ""is_canceled"": ""0"", ""lead_time"": ""55"", ""arrival_date_year"": ""2017"", ""arrival_date_month"": ""March"", ""arrival_date_week_number"": ""10"", ""arrival_date_day_of_month"": ""5"", ""stays_in_weekend_nights"": ""2"", ""stays_in_week_nights"": ""0"", ""adults"": ""0"", ""children"": ""0"", ""babies"": ""0"", ""meal"": ""SC"", ""country"": ""PRT"", ""market_segment"": ""Corporate"", ""distribution_channel"": ""Corporate"", ""is_repeated_guest"": ""1"", ""previous_cancellations"": ""1"", ""previous_bookings_not_canceled"": ""9"", ""reserved_room_type"": ""A"", ""assigned_room_type"": ""K"", ""booking_changes"": ""2"", ""deposit_type"": ""No Deposit"", ""agent"": null, ""company"": ""40"", ""days_in_waiting_list"": ""0"", ""customer_type"": ""Transient"", ""adr"": ""1"", ""required_car_parking_spaces"": ""1"", ""total_of_special_requests"": ""0"", ""reservation_status"": ""Check-Out"", ""reservation_status_date"": ""2017-03-07""}",No guests in booking
93204,"{""hotel"": ""City Hotel"", ""is_canceled"": ""0"", ""lead_time"": ""159"", ""arrival_date_year"": ""2016"", ""arrival_date_month"": ""July"", ""arrival_date_week_number"": ""28"", ""arrival_date_day_of_month"": ""3"", ""stays_in_weekend_nights"": ""5"", ""stays_in_week_nights"": ""10"", ""adults"": ""0"", ""children"": ""0"", ""babies"": ""0"", ""meal"": ""BB"", ""country"": ""FIN"", ""market_segment"": ""Online TA"", ""distribution_channel"": ""TA/TO"", ""is_repeated_guest"": ""0"", ""previous_cancellations"": ""0"", ""previous_bookings_not_canceled"": ""0"", ""reserved_room_type"": ""A"", ""assigned_room_type"": ""K"", ""booking_changes"": ""2"", ""deposit_type"": ""No Deposit"", ""agent"": ""11"", ""company"": null, ""days_in_waiting_list"": ""0"", ""customer_type"": ""Transient"", ""adr"": ""0"", ""required_car_parking_spaces"": ""0"", ""total_of_special_requests"": ""1"", ""reservation_status"": ""Check-Out"", ""reservation_status_date"": ""2016-07-18""}",No guests in booking
93320,"{""hotel"": ""City Hotel"", ""is_canceled"": ""0"", ""lead_time"": ""0"", ""arrival_date_year"": ""2016"", ""arrival_date_month"": ""July"", ""arrival_date_week_number"": ""30"", ""arrival_date_day_of_month"": ""19"", ""stays_in_weekend_nights"": ""0"", ""stays_in_week_nights"": ""1"", ""adults"": ""0"", ""children"": ""0"", ""babies"": ""0"", ""meal"": ""BB"", ""country"": ""SWE"", ""market_segment"": ""Direct"", ""distribution_channel"": ""Direct"", ""is_repeated_guest"": ""0"", ""previous_cancellations"": ""0"", ""previous_bookings_not_canceled"": ""0"", ""reserved_room_type"": ""G"", ""assigned_room_type"": ""B"", ""booking_changes"": ""2"", ""deposit_type"": ""No Deposit"", ""agent"": ""14"", ""company"": null, ""days_in_waiting_list"": ""0"", ""customer_type"": ""Transient"", ""adr"": ""0"", ""required_car_parking_spaces"": ""0"", ""total_of_special_requests"": ""1"", ""reservation_status"": ""Check-Out"", ""reservation_status_date"": ""2016-07-20""}",No guests in booking
93397,"{""hotel"": ""City Hotel"", ""is_canceled"": ""0"", ""lead_time"": ""1"", ""arrival_date_year"": ""2016"", ""arrival_date_month"": ""July"", ""arrival_date_week_number"": ""30"", ""arrival_date_day_of_month"": ""20"", ""stays_in_weekend_nights"": ""0"", ""stays_in_week_nights"": ""1"", ""adults"": ""0"", ""children"": ""0"", ""babies"": ""0"", ""meal"": ""SC"", ""country"": ""PRT"", ""market_segment"": ""Direct"", ""distribution_channel"": ""Direct"", ""is_repeated_guest"": ""0"", ""previous_cancellations"": ""0"", ""previous_bookings_not_canceled"": ""0"", ""reserved_room_type"": ""E"", ""assigned_room_type"": ""B"", ""booking_changes"": ""1"", ""deposit_type"": ""No Deposit"", ""agent"": ""14"", ""company"": null, ""days_in_waiting_list"": ""0"", ""customer_type"": ""Transient"", ""adr"": ""0"", ""required_car_parking_spaces"": ""0"", ""total_of_special_requests"": ""0"", ""reservation_status"": ""Check-Out"", ""reservation_status_date"": ""2016-07-21""}",No guests in booking
93753,"{""hotel"": ""City Hotel"", ""is_canceled"": ""0"", ""lead_time"": ""0"", ""arrival_date_year"": ""2016"", ""arrival_date_month"": ""July"", ""arrival_date_week_number"": ""31"", ""arrival_date_day_of_month"": ""26"", ""stays_in_weekend_nights"": ""0"", ""stays_in_week_nights"": ""0"", ""adults"": ""0"", ""children"": ""0"", ""babies"": ""0"", ""meal"": ""SC"", ""country"": ""PRT"", ""market_segment"": ""Complementary"", ""distribution_channel"": ""Direct"", ""is_repeated_guest"": ""1"", ""previous_cancellations"": ""0"", ""previous_bookings_not_canceled"": ""0"", ""reserved_room_type"": ""A"", ""assigned_room_type"": ""B"", ""booking_changes"": ""0"", ""deposit_type"": ""No Deposit"", ""agent"": null, ""company"": null, ""days_in_waiting_list"": ""0"", ""customer_type"": ""Transient"", ""adr"": ""0"", ""required_car_parking_spaces"": ""0"", ""total_of_special_requests"": ""0"", ""reservation_status"": ""Check-Out"", ""reservation_status_date"": ""2016-07-26""}",No guests in booking
93754,"{""hotel"": ""City Hotel"", ""is_canceled"": ""0"", ""lead_time"": ""0"", ""arrival_date_year"": ""2016"", ""arrival_date_month"": ""July"", ""arrival_date_week_number"": ""31"", ""arrival_date_day_of_month"": ""26"", ""stays_in_weekend_nights"": ""0"", ""stays_in_week_nights"": ""0"", ""adults"": ""0"", ""children"": ""0"", ""babies"": ""0"", ""meal"": ""SC"", ""country"": ""PRT"", ""market_segment"": ""Complementary"", ""distribution_channel"": ""Direct"", ""is_repeated_guest"": ""1"", ""previous_cancellations"": ""0"", ""previous_bookings_not_canceled"": ""0"", ""reserved_room_type"": ""A"", ""assigned_room_type"": ""A"", ""booking_changes"": ""0"", ""deposit_type"": ""No Deposit"", ""agent"": null, ""company"": null, ""days_in_waiting_list"": ""0"", ""customer_type"": ""Transient"", ""adr"": ""0"", ""required_car_parking_spaces"": ""0"", ""total_of_special_requests"": ""0"", ""reservation_status"": ""Check-Out"", ""reservation_status_date"": ""2016-07-26""}",No guests in booking
94769,"{""hotel"": ""City Hotel"", ""is_canceled"": ""0"", ""lead_time"": ""4"", ""arrival_date_year"": ""2016"", ""arrival_date_month"": ""August"", ""arrival_date_week_number"": ""32"", ""arrival_date_day_of_month"": ""5"", ""stays_in_weekend_nights"": ""2"", ""stays_in_week_nights"": ""2"", ""adults"": ""0"", ""children"": ""0"", ""babies"": ""0"", ""meal"": ""SC"", ""country"": ""RUS"", ""market_segment"": ""Online TA"", ""distribution_channel"": ""TA/TO"", ""is_repeated_guest"": ""0"", ""previous_cancellations"": ""0"", ""previous_bookings_not_canceled"": ""0"", ""reserved_room_type"": ""A"", ""assigned_room_type"": ""K"", ""booking_changes"": ""2"", ""deposit_type"": ""No Deposit"", ""agent"": ""9"", ""company"": null, ""days_in_waiting_list"": ""0"", ""customer_type"": ""Transient"", ""adr"": ""69.5"", ""required_car_parking_spaces"": ""0"", ""total_of_special_requests"": ""2"", ""reservation_status"": ""Check-Out"", ""reservation_status_date"": ""2016-08-09""}",No guests in booking
94821,"{""hotel"": ""City Hotel"", ""is_canceled"": ""0"", ""lead_time"": ""1"", ""arrival_date_year"": ""2016"", ""arrival_date_month"": ""August"", ""arrival_date_week_number"": ""32"", ""arrival_date_day_of_month"": ""3"", ""stays_in_weekend_nights"": ""2"", ""stays_in_week_nights"": ""5"", ""adults"": ""0"", ""children"": ""0"", ""babies"": ""0"", ""meal"": ""SC"", ""country"": ""FRA"", ""market_segment"": ""Online TA"", ""distribution_channel"": ""TA/TO"", ""is_repeated_guest"": ""0"", ""previous_cancellations"": ""0"", ""previous_bookings_not_canceled"": ""0"", ""reserved_room_type"": ""A"", ""assigned_room_type"": ""K"", ""booking_changes"": ""4"", ""deposit_type"": ""No Deposit"", ""agent"": null, ""company"": null, ""days_in_waiting_list"": ""0"", ""customer_type"": ""Transient"", ""adr"": ""0"", ""required_car_parking_spaces"": ""0"", ""total_of_special_requests"": ""0"", ""reservation_status"": ""Check-Out"", ""reservation_status_date"": ""2016-08-10""}",No guests in booking
95544,"{""hotel"": ""City Hotel"", ""is_canceled"": ""0"", ""lead_time"": ""88"", ""arrival_date_year"": ""2016"", ""arrival_date_month"": ""August"", ""arrival_date_week_number"": ""34"", ""arrival_date_day_of_month"": ""16"", ""stays_in_weekend_nights"": ""0"", ""stays_in_week_nights"": ""4"", ""adults"": ""0"", ""children"": ""0"", ""babies"": ""0"", ""meal"": ""BB"", ""country"": ""PRT"", ""market_segment"": ""Online TA"", ""distribution_channel"": ""TA/TO"", ""is_repeated_guest"": ""0"", ""previous_cancellations"": ""0"", ""previous_bookings_not_canceled"": ""0"", ""reserved_room_type"": ""D"", ""assigned_room_type"": ""K"", ""booking_changes"": ""5"", ""deposit_type"": ""No Deposit"", ""agent"": ""9"", ""company"": null, ""days_in_waiting_list"": ""0"", ""customer_type"": ""Transient"", ""adr"": ""32.85"", ""required_car_parking_spaces"": ""0"", ""total_of_special_requests"": ""2"", ""reservation_status"": ""Check-Out"", ""reservation_status_date"": ""2016-08-20""}",No guests in booking
96599,"{""hotel"": ""City Hotel"", ""is_canceled"": ""0"", ""lead_time"": ""65"", ""arrival_date_year"": ""2016"", ""arrival_date_month"": ""August"", ""arrival_date_week_number"": ""36"", ""arrival_date_day_of_month"": ""31"", ""stays_in_weekend_nights"": ""1"", ""stays_in_week_nights"": ""4"", ""adults"": ""0"", ""children"": ""0"", ""babies"": ""0"", ""meal"": ""BB"", ""country"": ""ESP"", ""market_segment"": ""Offline TA/TO"", ""distribution_channel"": ""TA/TO"", ""is_repeated_guest"": ""0"", ""previous_cancellations"": ""0"", ""previous_bookings_not_canceled"": ""0"", ""reserved_room_type"": ""A"", ""assigned_room_type"": ""K"", ""booking_changes"": ""1"", ""deposit_type"": ""No Deposit"", ""agent"": ""52"", ""company"": null, ""days_in_waiting_list"": ""0"", ""customer_type"": ""Transient"", ""adr"": ""0"", ""required_car_parking_spaces"": ""0"", ""total_of_special_requests"": ""0"", ""reservation_status"": ""Check-Out"", ""reservation_status_date"": ""2016-09-05""}",No guests in booking
96648,"{""hotel"": ""City Hotel"", ""is_canceled"": ""0"", ""lead_time"": ""36"", ""arrival_date_year"": ""2016"", ""arrival_date_month"": ""August"", ""arrival_date_week_number"": ""35"", ""arrival_date_day_of_month"": ""27"", ""stays_in_weekend_nights"": ""3"", ""stays_in_week_nights"": ""6"", ""adults"": ""0"", ""children"": ""0"", ""babies"": ""0"", ""meal"": ""SC"", ""country"": ""ESP"", ""market_segment"": ""Online TA"", ""distribution_channel"": ""TA/TO"", ""is_repeated_guest"": ""0"", ""previous_cancellations"": ""0"", ""previous_bookings_not_canceled"": ""0"", ""reserved_room_type"": ""A"", ""assigned_room_type"": ""K"", ""booking_changes"": ""2"", ""deposit_type"": ""No Deposit"", ""agent"": ""9"", ""company"": null, ""days_in_waiting_list"": ""0"", ""customer_type"": ""Transient"", ""adr"": ""89.2"", ""required_car_parking_spaces"": ""0"", ""total_of_special_requests"": ""2"", ""reservation_status"": ""Check-Out"", ""reservation_status_date"": ""2016-09-05""}",No guests in booking
96810,"{""hotel"": ""City Hotel"", ""is_canceled"": ""0"", ""lead_time"": ""125"", ""arrival_date_year"": ""2016"", ""arrival_date_month"": ""August"", ""arrival_date_week_number"": ""35"", ""arrival_date_day_of_month"": ""25"", ""stays_in_weekend_nights"": ""4"", ""stays_in_week_nights"": ""10"", ""adults"": ""0"", ""children"": ""0"", ""babies"": ""0"", ""meal"": ""SC"", ""country"": ""PRT"", ""market_segment"": ""Direct"", ""distribution_channel"": ""Direct"", ""is_repeated_guest"": ""0"", ""previous_cancellations"": ""0"", ""previous_bookings_not_canceled"": ""0"", ""reserved_room_type"": ""A"", ""assigned_room_type"": ""K"", ""booking_changes"": ""4"", ""deposit_type"": ""No Deposit"", ""agent"": null, ""company"": null, ""days_in_waiting_list"": ""0"", ""customer_type"": ""Transient-Party"", ""adr"": ""0"", ""required_car_parking_spaces"": ""0"", ""total_of_special_requests"": ""1"", ""reservation_status"": ""Check-Out"", ""reservation_status_date"": ""2016-09-08""}",No guests in booking
98045,"{""hotel"": ""City Hotel"", ""is_canceled"": ""0"", ""lead_time"": ""33"", ""arrival_date_year"": ""2016"", ""arrival_date_month"": ""September"", ""arrival_date_week_number"": ""39"", ""arrival_date_day_of_month"": ""20"", ""stays_in_weekend_nights"": ""0"", ""stays_in_week_nights"": ""4"", ""adults"": ""0"", ""children"": ""0"", ""babies"": ""0"", ""meal"": ""SC"", ""country"": ""PRT"", ""market_segment"": ""Direct"", ""distribution_channel"": ""Direct"", ""is_repeated_guest"": ""0"", ""previous_cancellations"": ""0"", ""previous_bookings_not_canceled"": ""0"", ""reserved_room_type"": ""A"", ""assigned_room_type"": ""K"", ""booking_changes"": ""5"", ""deposit_type"": ""No Deposit"", ""agent"": null, ""company"": ""288"", ""days_in_waiting_list"": ""6"", ""customer_type"": ""Transient-Party"", ""adr"": ""0"", ""required_car_parking_spaces"": ""0"", ""total_of_special_requests"": ""0"", ""reservation_status"": ""Check-Out"", ""reservation_status_date"": ""2016-09-24""}",No guests in booking
98046,"{""hotel"": ""City Hotel"", ""is_canceled"": ""0"", ""lead_time"": ""42"", ""arrival_date_year"": ""2016"", ""arrival_date_month"": ""August"", ""arrival_date_week_number"": ""35"", ""arrival_date_day_of_month"": ""27"", ""stays_in_weekend_nights"": ""8"", ""stays_in_week_nights"": ""20"", ""adults"": ""0"", ""children"": ""0"", ""babies"": ""0"", ""meal"": ""BB"", ""country"": ""USA"", ""market_segment"": ""Online TA"", ""distribution_channel"": ""TA/TO"", ""is_repeated_guest"": ""0"", ""previous_cancellations"": ""0"", ""previous_bookings_not_canceled"": ""0"", ""reserved_room_type"": ""D"", ""assigned_room_type"": ""K"", ""booking_changes"": ""2"", ""deposit_type"": ""No Deposit"", ""agent"": ""7"", ""company"": null, ""days_in_waiting_list"": ""0"", ""customer_type"": ""Transient"", ""adr"": ""0"", ""required_car_parking_spaces"": ""0"", ""total_of_special_requests"": ""1"", ""reservation_status"": ""Check-Out"", ""reservation_status_date"": ""2016-09-24""}",No guests in booking
98492,"{""hotel"": ""City Hotel"", ""is_canceled"": ""0"", ""lead_time"": ""1"", ""arrival_date_year"": ""2016"", ""arrival_date_month"": ""September"", ""arrival_date_week_number"": ""38"", ""arrival_date_day_of_month"": ""17"", ""stays_in_weekend_nights"": ""4"", ""stays_in_week_nights"": ""9"", ""adults"": ""0"", ""children"": ""0"", ""babies"": ""0"", ""meal"": ""SC"", ""country"": ""PRT"", ""market_segment"": ""Online TA"", ""distribution_channel"": ""TA/TO"", ""is_repeated_guest"": ""0"", ""previous_cancellations"": ""0"", ""previous_bookings_not_canceled"": ""0"", ""reserved_room_type"": ""D"", ""assigned_room_type"": ""K"", ""booking_changes"": ""2"", ""deposit_type"": ""No Deposit"", ""agent"": ""9"", ""company"": null, ""days_in_waiting_list"": ""0"", ""customer_type"": ""Transient"", ""adr"": ""16.92"", ""required_car_parking_spaces"": ""0"", ""total_of_special_requests"": ""1"", ""reservation_status"": ""Check-Out"", ""reservation_status_date"": ""2016-09-30""}",No guests in booking
99260,"{""hotel"": ""City Hotel"", ""is_canceled"": ""0"", ""lead_time"": ""15"", ""arrival_date_year"": ""2016"", ""arrival_date_month"": ""October"", ""arrival_date_week_number"": ""41"", ""arrival_date_day_of_month"": ""6"", ""stays_in_weekend_nights"": ""2"", ""stays_in_week_nights"": ""3"", ""adults"": ""0"", ""children"": ""0"", ""babies"": ""0"", ""meal"": ""BB"", ""country"": ""FRA"", ""market_segment"": ""Corporate"", ""distribution_channel"": ""Corporate"", ""is_repeated_guest"": ""0"", ""previous_cancellations"": ""0"", ""previous_bookings_not_canceled"": ""0"", ""reserved_room_type"": ""A"", ""assigned_room_type"": ""K"", ""booking_changes"": ""2"", ""deposit_type"": ""No Deposit"", ""agent"": null, ""company"": ""314"", ""days_in_waiting_list"": ""0"", ""customer_type"": ""Transient"", ""adr"": ""0"", ""required_car_parking_spaces"": ""0"", ""total_of_special_requests"": ""0"", ""reservation_status"": ""Check-Out"", ""reservation_status_date"": ""2016-10-11""}",No guests in booking
99338,"{""hotel"": ""City Hotel"", ""is_canceled"": ""0"", ""lead_time"": ""338"", ""arrival_date_year"": ""2016"", ""arrival_date_month"": ""October"", ""arrival_date_week_number"": ""41"", ""arrival_date_day_of_month"": ""7"", ""stays_in_weekend_nights"": ""2"", ""stays_in_week_nights"": ""3"", ""adults"": ""0"", ""children"": ""0"", ""babies"": ""0"", ""meal"": ""BB"", ""country"": ""FRA"", ""market_segment"": ""Offline TA/TO"", ""distribution_channel"": ""TA/TO"", ""is_repeated_guest"": ""0"", ""previous_cancellations"": ""0"", ""previous_bookings_not_canceled"": ""0"", ""reserved_room_type"": ""A"", ""assigned_room_type"": ""K"", ""booking_changes"": ""3"", ""deposit_type"": ""No Deposit"", ""agent"": ""12"", ""company"": null, ""days_in_waiting_list"": ""68"", ""customer_type"": ""Transient-Party"", ""adr"": ""0"", ""required_car_parking_spaces"": ""0"", ""total_of_special_requests"": ""1"", ""reservation_status"": ""Check-Out"", ""reservation_status_date"": ""2016-10-12""}",No guests in booking
99774,"{""hotel"": ""City Hotel"", ""is_canceled"": ""0"", ""lead_time"": ""114"", ""arrival_date_year"": ""2016"", ""arrival_date_month"": ""October"", ""arrival_date_week_number"": ""42"", ""arrival_date_day_of_month"": ""12"", ""stays_in_weekend_nights"": ""1"", ""stays_in_week_nights"": ""4"", ""adults"": ""0"", ""children"": ""0"", ""babies"": ""0"", ""meal"": ""BB"", ""country"": ""USA"", ""market_segment"": ""Direct"", ""distribution_channel"": ""Direct"", ""is_repeated_guest"": ""0"", ""previous_cancellations"": ""0"", ""previous_bookings_not_canceled"": ""0"", ""reserved_room_type"": ""D"", ""assigned_room_type"": ""D"", ""booking_changes"": ""1"", ""deposit_type"": ""No Deposit"", ""agent"": ""14"", ""company"": null, ""days_in_waiting_list"": ""0"", ""customer_type"": ""Transient"", ""adr"": ""0"", ""required_car_parking_spaces"": ""0"", ""total_of_special_requests"": ""0"", ""reservation_status"": ""Check-Out"", ""reservation_status_date"": ""2016-10-17""}",No guests in booking
99880,"{""hotel"": ""City Hotel"", ""is_canceled"": ""0"", ""lead_time"": ""165"", ""arrival_date_year"": ""2016"", ""arrival_date_month"": ""October"", ""arrival_date_week_number"": ""44"", ""arrival_date_day_of_month"": ""28"", ""stays_in_weekend_nights"": ""0"", ""stays_in_week_nights"": ""1"", ""adults"": ""0"", ""children"": ""0"", ""babies"": ""0"", ""meal"": ""BB"", ""country"": ""DEU"", ""market_segment"": ""Offline TA/TO"", ""distribution_channel"": ""TA/TO"", ""is_repeated_guest"": ""0"", ""previous_cancellations"": ""0"", ""previous_bookings_not_canceled"": ""1"", ""reserved_room_type"": ""A"", ""assigned_room_type"": ""K"", ""booking_changes"": ""3"", ""deposit_type"": ""No Deposit"", ""agent"": ""21"", ""company"": null, ""days_in_waiting_list"": ""92"", ""customer_type"": ""Transient-Party"", ""adr"": ""0"", ""required_car_parking_spaces"": ""0"", ""total_of_special_requests"": ""0"", ""reservation_status"": ""Check-Out"", ""reservation_status_date"": ""2016-10-29""}",No guests in booking
100273,"{""hotel"": ""City Hotel"", ""is_canceled"": ""0"", ""lead_time"": ""10"", ""arrival_date_year"": ""2016"", ""arrival_date_month"": ""October"", ""arrival_date_week_number"": ""42"", ""arrival_date_day_of_month"": ""14"", ""stays_in_weekend_nights"": ""4"", ""stays_in_week_nights"": ""7"", ""adults"": ""0"", ""children"": ""0"", ""babies"": ""0"", ""meal"": ""BB"", ""country"": ""PRT"", ""market_segment"": ""Offline TA/TO"", ""distribution_channel"": ""TA/TO"", ""is_repeated_guest"": ""0"", ""previous_cancellations"": ""0"", ""previous_bookings_not_canceled"": ""0"", ""reserved_room_type"": ""A"", ""assigned_room_type"": ""K"", ""booking_changes"": ""2"", ""deposit_type"": ""No Deposit"", ""agent"": ""39"", ""company"": null, ""days_in_waiting_list"": ""0"", ""customer_type"": ""Transient-Party"", ""adr"": ""0"", ""required_car_parking_spaces"": ""0"", ""total_of_special_requests"": ""0"", ""reservation_status"": ""Check-Out"", ""reservation_status_date"": ""2016-10-25""}",No guests in booking
100487,"{""hotel"": ""City Hotel"", ""is_canceled"": ""0"", ""lead_time"": ""0"", ""arrival_date_year"": ""2016"", ""arrival_date_month"": ""October"", ""arrival_date_week_number"": ""44"", ""arrival_date_day_of_month"": ""28"", ""stays_in_weekend_nights"": ""0"", ""stays_in_week_nights"": ""0"", ""adults"": ""0"", ""children"": ""0"", ""babies"": ""0"", ""meal"": ""SC"", ""country"": ""PRT"", ""market_segment"": ""Online TA"", ""distribution_channel"": ""TA/TO"", ""is_repeated_guest"": ""1"", ""previous_cancellations"": ""0"", ""previous_bookings_not_canceled"": ""0"", ""reserved_room_type"": ""A"", ""assigned_room_type"": ""K"", ""booking_changes"": ""0"", ""deposit_type"": ""No Deposit"", ""agent"": ""9"", ""company"": null, ""days_in_waiting_list"": ""0"", ""customer_type"": ""Transient"", ""adr"": ""0"", ""required_car_parking_spaces"": ""0"", ""total_of_special_requests"": ""1"", ""reservation_status"": ""Check-Out"", ""reservation_status_date"": ""2016-10-28""}",No guests in booking
100563,"{""hotel"": ""City Hotel"", ""is_canceled"": ""0"", ""lead_time"": ""88"", ""arrival_date_year"": ""2016"", ""arrival_date_month"": ""October"", ""arrival_date_week_number"": ""41"", ""arrival_date_day_of_month"": ""7"", ""stays_in_weekend_nights"": ""6"", ""stays_in_week_nights"": ""16"", ""adults"": ""0"", ""children"": ""0"", ""babies"": ""0"", ""meal"": ""SC"", ""country"": ""POL"", ""market_segment"": ""Corporate"", ""distribution_channel"": ""Corporate"", ""is_repeated_guest"": ""0"", ""previous_cancellations"": ""0"", ""previous_bookings_not_canceled"": ""0"", ""reserved_room_type"": ""A"", ""assigned_room_type"": ""K"", ""booking_changes"": ""7"", ""deposit_type"": ""No Deposit"", ""agent"": ""193"", ""company"": null, ""days_in_waiting_list"": ""0"", ""customer_type"": ""Transient-Party"", ""adr"": ""0"", ""required_car_parking_spaces"": ""0"", ""total_of_special_requests"": ""1"", ""reservation_status"": ""Check-Out"", ""reservation_status_date"": ""2016-10-29""}",No guests in booking
100780,"{""hotel"": ""City Hotel"", ""is_canceled"": ""0"", ""lead_time"": ""0"", ""arrival_date_year"": ""2016"", ""arrival_date_month"": ""November"", ""arrival_date_week_number"": ""45"", ""arrival_date_day_of_month"": ""1"", ""stays_in_weekend_nights"": ""0"", ""stays_in_week_nights"": ""0"", ""adults"": ""0"", ""children"": ""0"", ""babies"": ""0"", ""meal"": ""SC"", ""country"": ""PRT"", ""market_segment"": ""Groups"", ""distribution_channel"": ""TA/TO"", ""is_repeated_guest"": ""1"", ""previous_cancellations"": ""0"", ""previous_bookings_not_canceled"": ""0"", ""reserved_room_type"": ""A"", ""assigned_room_type"": ""K"", ""booking_changes"": ""1"", ""deposit_type"": ""No Deposit"", ""agent"": ""37"", ""company"": null, ""days_in_waiting_list"": ""0"", ""customer_type"": ""Transient"", ""adr"": ""0"", ""required_car_parking_spaces"": ""0"", ""total_of_special_requests"": ""0"", ""reservation_status"": ""Check-Out"", ""reservation_status_date"": ""2016-11-01""}",No guests in booking
101329,"{""hotel"": ""City Hotel"", ""is_canceled"": ""0"", ""lead_time"": ""0"", ""arrival_date_year"": ""2016"", ""arrival_date_month"": ""November"", ""arrival_date_week_number"": ""46"", ""arrival_date_day_of_month"": ""11"", ""stays_in_weekend_nights"": ""0"", ""stays_in_week_nights"": ""0"", ""adults"": ""0"", ""children"": ""0"", ""babies"": ""0"", ""meal"": ""SC"", ""country"": ""PRT"", ""market_segment"": ""Online TA"", ""distribution_channel"": ""TA/TO"", ""is_repeated_guest"": ""1"", ""previous_cancellations"": ""0"", ""previous_bookings_not_canceled"": ""0"", ""reserved_room_type"": ""A"", ""assigned_room_type"": ""A"", ""booking_changes"": ""0"", ""deposit_type"": ""No Deposit"", ""agent"": ""9"", ""company"": null, ""days_in_waiting_list"": ""0"", ""customer_type"": ""Transient"", ""adr"": ""0"", ""required_car_parking_spaces"": ""0"", ""total_of_special_requests"": ""1"", ""reservation_status"": ""Check-Out"", ""reservation_status_date"": ""2016-11-11""}",No guests in booking
101399,"{""hotel"": ""City Hotel"", ""is_canceled"": ""0"", ""lead_time"": ""57"", ""arrival_date_year"": ""2016"", ""arrival_date_month"": ""November"", ""arrival_date_week_number"": ""46"", ""arrival_date_day_of_month"": ""9"", ""stays_in_weekend_nights"": ""0"", ""stays_in_week_nights"": ""2"", ""adults"": ""0"", ""children"": ""0"", ""babies"": ""0"", ""meal"": ""SC"", ""country"": ""SGP"", ""market_segment"": ""Direct"", ""distribution_channel"": ""Direct"", ""is_repeated_guest"": ""0"", ""previous_cancellations"": ""0"", ""previous_bookings_not_canceled"": ""0"", ""reserved_room_type"": ""A"", ""assigned_room_type"": ""K"", ""booking_changes"": ""0"", ""deposit_type"": ""No Deposit"", ""agent"": ""14"", ""company"": null, ""days_in_waiting_list"": ""0"", ""customer_type"": ""Transient"", ""adr"": ""165.38"", ""required_car_parking_spaces"": ""0"", ""total_of_special_requests"": ""2"", ""reservation_status"": ""Check-Out"", ""reservation_status_date"": ""2016-11-11""}",No guests in booking
101401,"{""hotel"": ""City Hotel"", ""is_canceled"": ""0"", ""lead_time"": ""74"", ""arrival_date_year"": ""2016"", ""arrival_date_month"": ""November"", ""arrival_date_week_number"": ""46"", ""arrival_date_day_of_month"": ""7"", ""stays_in_weekend_nights"": ""1"", ""stays_in_week_nights"": ""3"", ""adults"": ""0"", ""children"": ""0"", ""babies"": ""0"", ""meal"": ""SC"", ""country"": ""LUX"", ""market_segment"": ""Online TA"", ""distribution_channel"": ""TA/TO"", ""is_repeated_guest"": ""0"", ""previous_cancellations"": ""0"", ""previous_bookings_not_canceled"": ""0"", ""reserved_room_type"": ""A"", ""assigned_room_type"": ""K"", ""booking_changes"": ""3"", ""deposit_type"": ""No Deposit"", ""agent"": ""9"", ""company"": null, ""days_in_waiting_list"": ""0"", ""customer_type"": ""Transient"", ""adr"": ""168.3"", ""required_car_parking_spaces"": ""0"", ""total_of_special_requests"": ""1"", ""reservation_status"": ""Check-Out"", ""reservation_status_date"": ""2016-11-11""}",No guests in booking
101794,"{""hotel"": ""City Hotel"", ""is_canceled"": ""0"", ""lead_time"": ""140"", ""arrival_date_year"": ""2016"", ""arrival_date_month"": ""September"", ""arrival_date_week_number"": ""39"", ""arrival_date_day_of_month"": ""22"", ""stays_in_weekend_nights"": ""16"", ""stays_in_week_nights"": ""41"", ""adults"": ""0"", ""children"": ""0"", ""babies"": ""0"", ""meal"": ""SC"", ""country"": ""GBR"", ""market_segment"": ""Online TA"", ""distribution_channel"": ""TA/TO"", ""is_repeated_guest"": ""0"", ""previous_cancellations"": ""0"", ""previous_bookings_not_canceled"": ""0"", ""reserved_room_type"": ""A"", ""assigned_room_type"": ""K"", ""booking_changes"": ""12"", ""deposit_type"": ""No Deposit"", ""agent"": ""9"", ""company"": null, ""days_in_waiting_list"": ""0"", ""customer_type"": ""Transient"", ""adr"": ""8.34"", ""required_car_parking_spaces"": ""0"", ""total_of_special_requests"": ""2"", ""reservation_status"": ""Check-Out"", ""reservation_status_date"": ""2016-11-18""}",No guests in booking
101804,"{""hotel"": ""City Hotel"", ""is_canceled"": ""0"", ""lead_time"": ""0"", ""arrival_date_year"": ""2016"", ""arrival_date_month"": ""November"", ""arrival_date_week_number"": ""47"", ""arrival_date_day_of_month"": ""19"", ""stays_in_weekend_nights"": ""0"", ""stays_in_week_nights"": ""0"", ""adults"": ""0"", ""children"": ""0"", ""babies"": ""0"", ""meal"": ""BB"", ""country"": ""PRT"", ""market_segment"": ""Online TA"", ""distribution_channel"": ""TA/TO"", ""is_repeated_guest"": ""1"", ""previous_cancellations"": ""0"", ""previous_bookings_not_canceled"": ""0"", ""reserved_room_type"": ""A"", ""assigned_room_type"": ""A"", ""booking_changes"": ""0"", ""deposit_type"": ""No Deposit"", ""agent"": ""9"", ""company"": null, ""days_in_waiting_list"": ""0"", ""customer_type"": ""Transient"", ""adr"": ""0"", ""required_car_parking_spaces"": ""0"", ""total_of_special_requests"": ""1"", ""reservation_status"": ""Check-Out"", ""reservation_status_date"": ""2016-11-19""}",No guests in booking
101805,"{""hotel"": ""City Hotel"", ""is_canceled"": ""0"", ""lead_time"": ""0"", ""arrival_date_year"": ""2016"", ""arrival_date_month"": ""November"", ""arrival_date_week_number"": ""47"", ""arrival_date_day_of_month"": ""19"", ""stays_in_weekend_nights"": ""0"", ""stays_in_week_nights"": ""0"", ""adults"": ""0"", ""children"": ""0"", ""babies"": ""0"", ""meal"": ""BB"", ""country"": ""PRT"", ""market_segment"": ""Online TA"", ""distribution_channel"": ""TA/TO"", ""is_repeated_guest"": ""1"", ""previous_cancellations"": ""0"", ""previous_bookings_not_canceled"": ""0"", ""reserved_room_type"": ""A"", ""assigned_room_type"": ""A"", ""booking_changes"": ""0"", ""deposit_type"": ""No Deposit"", ""agent"": ""9"", ""company"": null, ""days_in_waiting_list"": ""0"", ""customer_type"": ""Transient"", ""adr"": ""0"", ""required_car_parking_spaces"": ""0"", ""total_of_special_requests"": ""1"", ""reservation_status"": ""Check-Out"", ""reservation_status_date"": ""2016-11-19""}",No guests in booking
101957,"{""hotel"": ""City Hotel"", ""is_canceled"": ""0"", ""lead_time"": ""37"", ""arrival_date_year"": ""2016"", ""arrival_date_month"": ""November"", ""arrival_date_week_number"": ""47"", ""arrival_date_day_of_month"": ""17"", ""stays_in_weekend_nights"": ""1"", ""stays_in_week_nights"": ""3"", ""adults"": ""0"", ""children"": ""0"", ""babies"": ""0"", ""meal"": ""SC"", ""country"": ""BRA"", ""market_segment"": ""Online TA"", ""distribution_channel"": ""TA/TO"", ""is_repeated_guest"": ""0"", ""previous_cancellations"": ""0"", ""previous_bookings_not_canceled"": ""0"", ""reserved_room_type"": ""A"", ""assigned_room_type"": ""K"", ""booking_changes"": ""1"", ""deposit_type"": ""No Deposit"", ""agent"": ""9"", ""company"": null, ""days_in_waiting_list"": ""0"", ""customer_type"": ""Transient"", ""adr"": ""97.4"", ""required_car_parking_spaces"": ""1"", ""total_of_special_requests"": ""1"", ""reservation_status"": ""Check-Out"", ""reservation_status_date"": ""2016-11-21""}",No guests in booking
102008,"{""hotel"": ""City Hotel"", ""is_canceled"": ""0"", ""lead_time"": ""1"", ""arrival_date_year"": ""2016"", ""arrival_date_month"": ""November"", ""arrival_date_week_number"": ""47"", ""arrival_date_day_of_month"": ""18"", ""stays_in_weekend_nights"": ""1"", ""stays_in_week_nights"": ""2"", ""adults"": ""0"", ""children"": ""0"", ""babies"": ""0"", ""meal"": ""SC"", ""country"": ""FRA"", ""market_segment"": ""Online TA"", ""distribution_channel"": ""TA/TO"", ""is_repeated_guest"": ""0"", ""previous_cancellations"": ""0"", ""previous_bookings_not_canceled"": ""0"", ""reserved_room_type"": ""A"", ""assigned_room_type"": ""K"", ""booking_changes"": ""1"", ""deposit_type"": ""No Deposit"", ""agent"": ""9"", ""company"": null, ""days_in_waiting_list"": ""0"", ""customer_type"": ""Transient"", ""adr"": ""92.67"", ""required_car_parking_spaces"": ""0"", ""total_of_special_requests"": ""2"", ""reservation_status"": ""Check-Out"", ""reservation_status_date"": ""2016-11-21""}",No guests in booking
102054,"{""hotel"": ""City Hotel"", ""is_canceled"": ""0"", ""lead_time"": ""0"", ""arrival_date_year"": ""2016"", ""arrival_date_month"": ""November"", ""arrival_date_week_number"": ""48"", ""arrival_date_day_of_month"": ""23"", ""stays_in_weekend_nights"": ""0"", ""stays_in_week_nights"": ""0"", ""adults"": ""0"", ""children"": ""0"", ""babies"": ""0"", ""meal"": ""BB"", ""country"": ""PRT"", ""market_segment"": ""Online TA"", ""distribution_channel"": ""TA/TO"", ""is_repeated_guest"": ""1"", ""previous_cancellations"": ""0"", ""previous_bookings_not_canceled"": ""0"", ""reserved_room_type"": ""A"", ""assigned_room_type"": ""A"", ""booking_changes"": ""0"", ""deposit_type"": ""No Deposit"", ""agent"": ""9"", ""company"": null, ""days_in_waiting_list"": ""0"", ""customer_type"": ""Transient"", ""adr"": ""0"", ""required_car_parking_spaces"": ""0"", ""total_of_special_requests"": ""1"", ""reservation_status"": ""Check-Out"", ""reservation_status_date"": ""2016-11-23""}",No guests in booking
102055,"{""hotel"": ""City Hotel"", ""is_canceled"": ""0"", ""lead_time"": ""0"", ""arrival_date_year"": ""2016"", ""arrival_date_month"": ""November"", ""arrival_date_week_number"": ""48"", ""arrival_date_day_of_month"": ""23"", ""stays_in_weekend_nights"": ""0"", ""stays_in_week_nights"": ""0"", ""adults"": ""0"", ""children"": ""0"", ""babies"": ""0"", ""meal"": ""BB"", ""country"": ""PRT"", ""market_segment"": ""Corporate"", ""distribution_channel"": ""Corporate"", ""is_repeated_guest"": ""1"", ""previous_cancellations"": ""0"", ""previous_bookings_not_canceled"": ""0"", ""reserved_room_type"": ""A"", ""assigned_room_type"": ""A"", ""booking_changes"": ""0"", ""deposit_type"": ""No Deposit"", ""agent"": null, ""company"": ""40"", ""days_in_waiting_list"": ""0"", ""customer_type"": ""Transient"", ""adr"": ""0"", ""required_car_parking_spaces"": ""0"", ""total_of_special_requests"": ""0"", ""reservation_status"": ""Check-Out"", ""reservation_status_date"": ""2016-11-23""}",No guests in booking
102129,"{""hotel"": ""City Hotel"", ""is_canceled"": ""0"", ""lead_time"": ""216"", ""arrival_date_year"": ""2016"", ""arrival_date_month"": ""November"", ""arrival_date_week_number"": ""48"", ""arrival_date_day_of_month"": ""22"", ""stays_in_weekend_nights"": ""0"", ""stays_in_week_nights"": ""1"", ""adults"": ""0"", ""children"": ""0"", ""babies"": ""0"", ""meal"": ""BB"", ""country"": ""PRT"", ""market_segment"": ""Groups"", ""distribution_channel"": ""Corporate"", ""is_repeated_guest"": ""0"", ""previous_cancellations"": ""0"", ""previous_bookings_not_canceled"": ""0"", ""reserved_room_type"": ""A"", ""assigned_room_type"": ""A"", ""booking_changes"": ""2"", ""deposit_type"": ""No Deposit"", ""agent"": null, ""company"": ""233"", ""days_in_waiting_list"": ""0"", ""customer_type"": ""Transient"", ""adr"": ""0"", ""required_car_parking_spaces"": ""0"", ""total_of_special_requests"": ""0"", ""reservation_status"": ""Check-Out"", ""reservation_status_date"": ""2016-11-23""}",No guests in booking
102150,"{""hotel"": ""City Hotel"", ""is_canceled"": ""0"", ""lead_time"": ""14"", ""arrival_date_year"": ""2016"", ""arrival_date_month"": ""November"", ""arrival_date_week_number"": ""47"", ""arrival_date_day_of_month"": ""18"", ""stays_in_weekend_nights"": ""2"", ""stays_in_week_nights"": ""3"", ""adults"": ""0"", ""children"": ""0"", ""babies"": ""0"", ""meal"": ""BB"", ""country"": ""CHE"", ""market_segment"": ""Offline TA/TO"", ""distribution_channel"": ""TA/TO"", ""is_repeated_guest"": ""0"", ""previous_cancellations"": ""0"", ""previous_bookings_not_canceled"": ""0"", ""reserved_room_type"": ""A"", ""assigned_room_type"": ""K"", ""booking_changes"": ""3"", ""deposit_type"": ""No Deposit"", ""agent"": ""25"", ""company"": null, ""days_in_waiting_list"": ""0"", ""customer_type"": ""Transient-Party"", ""adr"": ""0"", ""required_car_parking_spaces"": ""0"", ""total_of_special_requests"": ""0"", ""reservation_status"": ""Check-Out"", ""reservation_status_date"": ""2016-11-23""}",No guests in booking
102155,"{""hotel"": ""City Hotel"", ""is_canceled"": ""0"", ""lead_time"": ""0"", ""arrival_date_year"": ""2016"", ""arrival_date_month"": ""November"", ""arrival_date_week_number"": ""48"", ""arrival_date_day_of_month"": ""24"", ""stays_in_weekend_nights"": ""0"", ""stays_in_week_nights"": ""0"", ""adults"": ""0"", ""children"": ""0"", ""babies"": ""0"", ""meal"": ""BB"", ""country"": ""PRT"", ""market_segment"": ""Online TA"", ""distribution_channel"": ""TA/TO"", ""is_repeated_guest"": ""1"", ""previous_cancellations"": ""0"", ""previous_bookings_not_canceled"": ""0"", ""reserved_room_type"": ""A"", ""assigned_room_type"": ""A"", ""booking_changes"": ""0"", ""deposit_type"": ""No Deposit"", ""agent"": ""9"", ""company"": null, ""days_in_waiting_list"": ""0"", ""customer_type"": ""Transient"", ""adr"": ""0"", ""required_car_parking_spaces"": ""0"", ""total_of_special_requests"": ""2"", ""reservation_status"": ""Check-Out"", ""reservation_status_date"": ""2016-11-24""}",No guests in booking
102157,"{""hotel"": ""City Hotel"", ""is_canceled"": ""0"", ""lead_time"": ""0"", ""arrival_date_year"": ""2016"", ""arrival_date_month"": ""November"", ""arrival_date_week_number"": ""48"", ""arrival_date_day_of_month"": ""24"", ""stays_in_weekend_nights"": ""0"", ""stays_in_week_nights"": ""0"", ""adults"": ""0"", ""children"": ""0"", ""babies"": ""0"", ""meal"": ""HB"", ""country"": ""PRT"", ""market_segment"": ""Offline TA/TO"", ""distribution_channel"": ""TA/TO"", ""is_repeated_guest"": ""1"", ""previous_cancellations"": ""0"", ""previous_bookings_not_canceled"": ""0"", ""reserved_room_type"": ""A"", ""assigned_room_type"": ""D"", ""booking_changes"": ""0"", ""deposit_type"": ""No Deposit"", ""agent"": ""28"", ""company"": null, ""days_in_waiting_list"": ""0"", ""customer_type"": ""Transient"", ""adr"": ""0"", ""required_car_parking_spaces"": ""0"", ""total_of_special_requests"": ""0"", ""reservation_status"": ""Check-Out"", ""reservation_status_date"": ""2016-11-24""}",No guests in booking
102185,"{""hotel"": ""City Hotel"", ""is_canceled"": ""0"", ""lead_time"": ""19"", ""arrival_date_year"": ""2016"", ""arrival_date_month"": ""November"", ""arrival_date_week_number"": ""48"", ""arrival_date_day_of_month"": ""26"", ""stays_in_weekend_nights"": ""4"", ""stays_in_week_nights"": ""7"", ""adults"": ""0"", ""children"": ""0"", ""babies"": ""0"", ""meal"": ""SC"", ""country"": ""USA"", ""market_segment"": ""Online TA"", ""distribution_channel"": ""TA/TO"", ""is_repeated_guest"": ""0"", ""previous_cancellations"": ""0"", ""previous_bookings_not_canceled"": ""1"", ""reserved_room_type"": ""A"", ""assigned_room_type"": ""K"", ""booking_changes"": ""4"", ""deposit_type"": ""No Deposit"", ""agent"": ""11"", ""company"": null, ""days_in_waiting_list"": ""0"", ""customer_type"": ""Group"", ""adr"": ""6.4"", ""required_car_parking_spaces"": ""0"", ""total_of_special_requests"": ""0"", ""reservation_status"": ""Check-Out"", ""reservation_status_date"": ""2016-12-07""}",No guests in booking
102258,"{""hotel"": ""City Hotel"", ""is_canceled"": ""0"", ""lead_time"": ""0"", ""arrival_date_year"": ""2016"", ""arrival_date_month"": ""November"", ""arrival_date_week_number"": ""48"", ""arrival_date_day_of_month"": ""26"", ""stays_in_weekend_nights"": ""0"", ""stays_in_week_nights"": ""0"", ""adults"": ""0"", ""children"": ""0"", ""babies"": ""0"", ""meal"": ""BB"", ""country"": ""PRT"", ""market_segment"": ""Offline TA/TO"", ""distribution_channel"": ""TA/TO"", ""is_repeated_guest"": ""1"", ""previous_cancellations"": ""0"", ""previous_bookings_not_canceled"": ""0"", ""reserved_room_type"": ""A"", ""assigned_room_type"": ""D"", ""booking_changes"": ""0"", ""deposit_type"": ""No Deposit"", ""agent"": ""28"", ""company"": null, ""days_in_waiting_list"": ""0"", ""customer_type"": ""Transient"", ""adr"": ""0"", ""required_car_parking_spaces"": ""0"", ""total_of_special_requests"": ""0"", ""reservation_status"": ""Check-Out"", ""reservation_status_date"": ""2016-11-26""}",No guests in booking
102296,"{""hotel"": ""City Hotel"", ""is_canceled"": ""0"", ""lead_time"": ""0"", ""arrival_date_year"": ""2016"", ""arrival_date_month"": ""November"", ""arrival_date_week_number"": ""48"", ""arrival_date_day_of_month"": ""26"", ""stays_in_weekend_nights"": ""0"", ""stays_in_week_nights"": ""0"", ""adults"": ""0"", ""children"": ""0"", ""babies"": ""0"", ""meal"": ""SC"", ""country"": ""PRT"", ""market_segment"": ""Online TA"", ""distribution_channel"": ""TA/TO"", ""is_repeated_guest"": ""1"", ""previous_cancellations"": ""0"", ""previous_bookings_not_canceled"": ""0"", ""reserved_room_type"": ""A"", ""assigned_room_type"": ""A"", ""booking_changes"": ""0"", ""deposit_type"": ""No Deposit"", ""agent"": ""9"", ""company"": null, ""days_in_waiting_list"": ""0"", ""customer_type"": ""Transient"", ""adr"": ""0"", ""required_car_parking_spaces"": ""0"", ""total_of_special_requests"": ""1"", ""reservation_status"": ""Check-Out"", ""reservation_status_date"": ""2016-11-26""}",No guests in booking
102319,"{""hotel"": ""City Hotel"", ""is_canceled"": ""0"", ""lead_time"": ""2"", ""arrival_date_year"": ""2016"", ""arrival_date_month"": ""November"", ""arrival_date_week_number"": ""47"", ""arrival_date_day_of_month"": ""16"", ""stays_in_weekend_nights"": ""2"", ""stays_in_week_nights"": ""8"", ""adults"": ""0"", ""children"": ""0"", ""babies"": ""0"", ""meal"": ""SC"", ""country"": ""ITA"", ""market_segment"": ""Offline TA/TO"", ""distribution_channel"": ""TA/TO"", ""is_repeated_guest"": ""0"", ""previous_cancellations"": ""0"", ""previous_bookings_not_canceled"": ""0"", ""reserved_room_type"": ""A"", ""assigned_room_type"": ""K"", ""booking_changes"": ""6"", ""deposit_type"": ""No Deposit"", ""agent"": ""371"", ""company"": null, ""days_in_waiting_list"": ""0"", ""customer_type"": ""Transient-Party"", ""adr"": ""0"", ""required_car_parking_spaces"": ""0"", ""total_of_special_requests"": ""0"", ""reservation_status"": ""Check-Out"", ""reservation_status_date"": ""2016-11-26""}",No guests in booking
102611,"{""hotel"": ""City Hotel"", ""is_canceled"": ""0"", ""lead_time"": ""0"", ""arrival_date_year"": ""2016"", ""arrival_date_month"": ""December"", ""arrival_date_week_number"": ""49"", ""arrival_date_day_of_month"": ""3"", ""stays_in_weekend_nights"": ""0"", ""stays_in_week_nights"": ""0"", ""adults"": ""0"", ""children"": ""0"", ""babies"": ""0"", ""meal"": ""BB"", ""country"": ""PRT"", ""market_segment"": ""Online TA"", ""distribution_channel"": ""TA/TO"", ""is_repeated_guest"": ""1"", ""previous_cancellations"": ""0"", ""previous_bookings_not_canceled"": ""0"", ""reserved_room_type"": ""A"", ""assigned_room_type"": ""A"", ""booking_changes"": ""0"", ""deposit_type"": ""No Deposit"", ""agent"": ""9"", ""company"": null, ""days_in_waiting_list"": ""0"", ""customer_type"": ""Transient"", ""adr"": ""0"", ""required_car_parking_spaces"": ""0"", ""total_of_special_requests"": ""0"", ""reservation_status"": ""Check-Out"", ""reservation_status_date"": ""2016-12-03""}",No guests in booking
102710,"{""hotel"": ""City Hotel"", ""is_canceled"": ""0"", ""lead_time"": ""0"", ""arrival_date_year"": ""2016"", ""arrival_date_month"": ""December"", ""arrival_date_week_number"": ""50"", ""arrival_date_day_of_month"": ""5"", ""stays_in_weekend_nights"": ""0"", ""stays_in_week_nights"": ""0"", ""adults"": ""0"", ""children"": ""0"", ""babies"": ""0"", ""meal"": ""BB"", ""country"": ""PRT"", ""market_segment"": ""Offline TA/TO"", ""distribution_channel"": ""TA/TO"", ""is_repeated_guest"": ""1"", ""previous_cancellations"": ""0"", ""previous_bookings_not_canceled"": ""0"", ""reserved_room_type"": ""A"", ""assigned_room_type"": ""K"", ""booking_changes"": ""0"", ""deposit_type"": ""No Deposit"", ""agent"": ""27"", ""company"": null, ""days_in_waiting_list"": ""0"", ""customer_type"": ""Transient"", ""adr"": ""0"", ""required_car_parking_spaces"": ""0"", ""total_of_special_requests"": ""0"", ""reservation_status"": ""Check-Out"", ""reservation_status_date"": ""2016-12-05""}",No guests in booking
102805,"{""hotel"": ""City Hotel"", ""is_canceled"": ""0"", ""lead_time"": ""0"", ""arrival_date_year"": ""2016"", ""arrival_date_month"": ""December"", ""arrival_date_week_number"": ""50"", ""arrival_date_day_of_month"": ""6"", ""stays_in_weekend_nights"": ""0"", ""stays_in_week_nights"": ""0"", ""adults"": ""0"", ""children"": ""0"", ""babies"": ""0"", ""meal"": ""SC"", ""country"": ""PRT"", ""market_segment"": ""Online TA"", ""distribution_channel"": ""TA/TO"", ""is_repeated_guest"": ""1"", ""previous_cancellations"": ""0"", ""previous_bookings_not_canceled"": ""0"", ""reserved_room_type"": ""A"", ""assigned_room_type"": ""K"", ""booking_changes"": ""0"", ""deposit_type"": ""No Deposit"", ""agent"": ""9"", ""company"": null, ""days_in_waiting_list"": ""0"", ""customer_type"": ""Transient"", ""adr"": ""0"", ""required_car_parking_spaces"": ""0"", ""total_of_special_requests"": ""1"", ""reservation_status"": ""Check-Out"", ""reservation_status_date"": ""2016-12-06""}",No guests in booking
102812,"{""hotel"": ""City Hotel"", ""is_canceled"": ""0"", ""lead_time"": ""0"", ""arrival_date_year"": ""2016"", ""arrival_date_month"": ""December"", ""arrival_date_week_number"": ""50"", ""arrival_date_day_of_month"": ""7"", ""stays_in_weekend_nights"": ""0"", ""stays_in_week_nights"": ""0"", ""adults"": ""0"", ""children"": ""0"", ""babies"": ""0"", ""meal"": ""BB"", ""country"": ""PRT"", ""market_segment"": ""Online TA"", ""distribution_channel"": ""TA/TO"", ""is_repeated_guest"": ""1"", ""previous_cancellations"": ""0"", ""previous_bookings_not_canceled"": ""0"", ""reserved_room_type"": ""A"", ""assigned_room_type"": ""K"", ""booking_changes"": ""0"", ""deposit_type"": ""No Deposit"", ""agent"": ""7"", ""company"": null, ""days_in_waiting_list"": ""0"", ""customer_type"": ""Transient"", ""adr"": ""0"", ""required_car_parking_spaces"": ""0"", ""total_of_special_requests"": ""1"", ""reservation_status"": ""Check-Out"", ""reservation_status_date"": ""2016-12-07""}",No guests in booking
103264,"{""hotel"": ""City Hotel"", ""is_canceled"": ""0"", ""lead_time"": ""0"", ""arrival_date_year"": ""2016"", ""arrival_date_month"": ""December"", ""arrival_date_week_number"": ""52"", ""arrival_date_day_of_month"": ""18"", ""stays_in_weekend_nights"": ""0"", ""stays_in_week_nights"": ""0"", ""adults"": ""0"", ""children"": ""0"", ""babies"": ""0"", ""meal"": ""BB"", ""country"": ""PRT"", ""market_segment"": ""Online TA"", ""distribution_channel"": ""TA/TO"", ""is_repeated_guest"": ""1"", ""previous_cancellations"": ""0"", ""previous_bookings_not_canceled"": ""0"", ""reserved_room_type"": ""D"", ""assigned_room_type"": ""K"", ""booking_changes"": ""1"", ""deposit_type"": ""No Deposit"", ""agent"": ""7"", ""company"": null, ""days_in_waiting_list"": ""0"", ""customer_type"": ""Transient"", ""adr"": ""0"", ""required_car_parking_spaces"": ""0"", ""total_of_special_requests"": ""1"", ""reservation_status"": ""Check-Out"", ""reservation_status_date"": ""2016-12-18""}",No guests in booking
103317,"{""hotel"": ""City Hotel"", ""is_canceled"": ""0"", ""lead_time"": ""0"", ""arrival_date_year"": ""2016"", ""arrival_date_month"": ""December"", ""arrival_date_week_number"": ""52"", ""arrival_date_day_of_month"": ""20"", ""stays_in_weekend_nights"": ""0"", ""stays_in_week_nights"": ""0"", ""adults"": ""0"", ""children"": ""0"", ""babies"": ""0"", ""meal"": ""BB"", ""country"": ""PRT"", ""market_segment"": ""Offline TA/TO"", ""distribution_channel"": ""TA/TO"", ""is_repeated_guest"": ""1"", ""previous_cancellations"": ""0"", ""previous_bookings_not_canceled"": ""0"", ""reserved_room_type"": ""A"", ""assigned_room_type"": ""D"", ""booking_changes"": ""0"", ""deposit_type"": ""No Deposit"", ""agent"": ""28"", ""company"": null, ""days_in_waiting_list"": ""0"", ""customer_type"": ""Transient"", ""adr"": ""0"", ""required_car_parking_spaces"": ""0"", ""total_of_special_requests"": ""0"", ""reservation_status"": ""Check-Out"", ""reservation_status_date"": ""2016-12-20""}",No guests in booking
103714,"{""hotel"": ""City Hotel"", ""is_canceled"": ""0"", ""lead_time"": ""255"", ""arrival_date_year"": ""2016"", ""arrival_date_month"": ""December"", ""arrival_date_week_number"": ""53"", ""arrival_date_day_of_month"": ""27"", ""stays_in_weekend_nights"": ""0"", ""stays_in_week_nights"": ""3"", ""adults"": ""0"", ""children"": ""0"", ""babies"": ""0"", ""meal"": ""BB"", ""country"": ""PRT"", ""market_segment"": ""Offline TA/TO"", ""distribution_channel"": ""TA/TO"", ""is_repeated_guest"": ""0"", ""previous_cancellations"": ""0"", ""previous_bookings_not_canceled"": ""0"", ""reserved_room_type"": ""A"", ""assigned_room_type"": ""K"", ""booking_changes"": ""3"", ""deposit_type"": ""No Deposit"", ""agent"": ""79"", ""company"": null, ""days_in_waiting_list"": ""0"", ""customer_type"": ""Transient"", ""adr"": ""20.88"", ""required_car_parking_spaces"": ""0"", ""total_of_special_requests"": ""0"", ""reservation_status"": ""Check-Out"", ""reservation_status_date"": ""2016-12-30""}",No guests in booking
103961,"{""hotel"": ""City Hotel"", ""is_canceled"": ""0"", ""lead_time"": ""0"", ""arrival_date_year"": ""2017"", ""arrival_date_month"": ""January"", ""arrival_date_week_number"": ""1"", ""arrival_date_day_of_month"": ""3"", ""stays_in_weekend_nights"": ""0"", ""stays_in_week_nights"": ""0"", ""adults"": ""0"", ""children"": ""0"", ""babies"": ""0"", ""meal"": ""SC"", ""country"": ""PRT"", ""market_segment"": ""Online TA"", ""distribution_channel"": ""TA/TO"", ""is_repeated_guest"": ""1"", ""previous_cancellations"": ""0"", ""previous_bookings_not_canceled"": ""0"", ""reserved_room_type"": ""A"", ""assigned_room_type"": ""K"", ""booking_changes"": ""0"", ""deposit_type"": ""No Deposit"", ""agent"": ""9"", ""company"": null, ""days_in_waiting_list"": ""0"", ""customer_type"": ""Transient"", ""adr"": ""0"", ""required_car_parking_spaces"": ""0"", ""total_of_special_requests"": ""0"", ""reservation_status"": ""Check-Out"", ""reservation_status_date"": ""2017-01-03""}",No guests in booking
104145,"{""hotel"": ""City Hotel"", ""is_canceled"": ""0"", ""lead_time"": ""177"", ""arrival_date_year"": ""2016"", ""arrival_date_month"": ""December"", ""arrival_date_week_number"": ""53"", ""arrival_date_day_of_month"": ""30"", ""stays_in_weekend_nights"": ""2"", ""stays_in_week_nights"": ""5"", ""adults"": ""0"", ""children"": ""0"", ""babies"": ""0"", ""meal"": ""BB"", ""country"": ""PRT"", ""market_segment"": ""Direct"", ""distribution_channel"": ""Direct"", ""is_repeated_guest"": ""0"", ""previous_cancellations"": ""0"", ""previous_bookings_not_canceled"": ""0"", ""reserved_room_type"": ""E"", ""assigned_room_type"": ""K"", ""booking_changes"": ""2"", ""deposit_type"": ""No Deposit"", ""agent"": null, ""company"": null, ""days_in_waiting_list"": ""0"", ""customer_type"": ""Transient"", ""adr"": ""1.29"", ""required_car_parking_spaces"": ""0"", ""total_of_special_requests"": ""2"", ""reservation_status"": ""Check-Out"", ""reservation_status_date"": ""2017-01-06""}",No guests in booking
104231,"{""hotel"": ""City Hotel"", ""is_canceled"": ""0"", ""lead_time"": ""0"", ""arrival_date_year"": ""2017"", ""arrival_date_month"": ""January"", ""arrival_date_week_number"": ""2"", ""arrival_date_day_of_month"": ""9"", ""stays_in_weekend_nights"": ""0"", ""stays_in_week_nights"": ""0"", ""adults"": ""0"", ""children"": ""0"", ""babies"": ""0"", ""meal"": ""SC"", ""country"": ""PRT"", ""market_segment"": ""Online TA"", ""distribution_channel"": ""TA/TO"", ""is_repeated_guest"": ""1"", ""previous_cancellations"": ""0"", ""previous_bookings_not_canceled"": ""0"", ""reserved_room_type"": ""A"", ""assigned_room_type"": ""K"", ""booking_changes"": ""0"", ""deposit_type"": ""No Deposit"", ""agent"": ""9"", ""company"": null, ""days_in_waiting_list"": ""0"", ""customer_type"": ""Transient"", ""adr"": ""0"", ""required_car_parking_spaces"": ""0"", ""total_of_special_requests"": ""2"", ""reservation_status"": ""Check-Out"", ""reservation_status_date"": ""2017-01-09""}",No guests in booking
104516,"{""hotel"": ""City Hotel"", ""is_canceled"": ""0"", ""lead_time"": ""125"", ""arrival_date_year"": ""2017"", ""arrival_date_month"": ""January"", ""arrival_date_week_number"": ""1"", ""arrival_date_day_of_month"": ""1"", ""stays_in_weekend_nights"": ""4"", ""stays_in_week_nights"": ""10"", ""adults"": ""0"", ""children"": ""0"", ""babies"": ""0"", ""meal"": ""SC"", ""country"": ""PRT"", ""market_segment"": ""Online TA"", ""distribution_channel"": ""TA/TO"", ""is_repeated_guest"": ""0"", ""previous_cancellations"": ""0"", ""previous_bookings_not_canceled"": ""0"", ""reserved_room_type"": ""D"", ""assigned_room_type"": ""K"", ""booking_changes"": ""2"", ""deposit_type"": ""No Deposit"", ""agent"": ""9"", ""company"": null, ""days_in_waiting_list"": ""0"", ""customer_type"": ""Transient"", ""adr"": ""27.69"", ""required_car_parking_spaces"": ""0"", ""total_of_special_requests"": ""2"", ""reservation_status"": ""Check-Out"", ""reservation_status_date"": ""2017-01-15""}",No guests in booking
105106,"{""hotel"": ""City Hotel"", ""is_canceled"": ""0"", ""lead_time"": ""0"", ""arrival_date_year"": ""2017"", ""arrival_date_month"": ""January"", ""arrival_date_week_number"": ""5"", ""arrival_date_day_of_month"": ""30"", ""stays_in_weekend_nights"": ""0"", ""stays_in_week_nights"": ""0"", ""adults"": ""0"", ""children"": ""0"", ""babies"": ""0"", ""meal"": ""SC"", ""country"": ""PRT"", ""market_segment"": ""Online TA"", ""distribution_channel"": ""TA/TO"", ""is_repeated_guest"": ""1"", ""previous_cancellations"": ""0"", ""previous_bookings_not_canceled"": ""0"", ""reserved_room_type"": ""A"", ""assigned_room_type"": ""K"", ""booking_changes"": ""0"", ""deposit_type"": ""No Deposit"", ""agent"": ""9"", ""company"": null, ""days_in_waiting_list"": ""0"", ""customer_type"": ""Transient"", ""adr"": ""0"", ""required_car_parking_spaces"": ""0"", ""total_of_special_requests"": ""0"", ""reservation_status"": ""Check-Out"", ""reservation_status_date"": ""2017-01-30""}",No guests in booking
105185,"{""hotel"": ""City Hotel"", ""is_canceled"": ""0"", ""lead_time"": ""5"", ""arrival_date_year"": ""2017"", ""arrival_date_month"": ""February"", ""arrival_date_week_number"": ""5"", ""arrival_date_day_of_month"": ""2"", ""stays_in_weekend_nights"": ""0"", ""stays_in_week_nights"": ""0"", ""adults"": ""0"", ""children"": ""0"", ""babies"": ""0"", ""meal"": ""SC"", ""country"": ""PRT"", ""market_segment"": ""Online TA"", ""distribution_channel"": ""TA/TO"", ""is_repeated_guest"": ""0"", ""previous_cancellations"": ""0"", ""previous_bookings_not_canceled"": ""0"", ""reserved_room_type"": ""E"", ""assigned_room_type"": ""E"", ""booking_changes"": ""0"", ""deposit_type"": ""No Deposit"", ""agent"": ""9"", ""company"": null, ""days_in_waiting_list"": ""0"", ""customer_type"": ""Transient"", ""adr"": ""0"", ""required_car_parking_spaces"": ""0"", ""total_of_special_requests"": ""3"", ""reservation_status"": ""Check-Out"", ""reservation_status_date"": ""2017-02-02""}",No guests in booking
105630,"{""hotel"": ""City Hotel"", ""is_canceled"": ""0"", ""lead_time"": ""7"", ""arrival_date_year"": ""2017"", ""arrival_date_month"": ""February"", ""arrival_date_week_number"": ""7"", ""arrival_date_day_of_month"": ""13"", ""stays_in_weekend_nights"": ""0"", ""stays_in_week_nights"": ""0"", ""adults"": ""0"", ""children"": ""0"", ""babies"": ""0"", ""meal"": ""BB"", ""country"": ""PRT"", ""market_segment"": ""Online TA"", ""distribution_channel"": ""TA/TO"", ""is_repeated_guest"": ""0"", ""previous_cancellations"": ""0"", ""previous_bookings_not_canceled"": ""0"", ""reserved_room_type"": ""D"", ""assigned_room_type"": ""D"", ""booking_changes"": ""1"", ""deposit_type"": ""No Deposit"", ""agent"": ""7"", ""company"": null, ""days_in_waiting_list"": ""0"", ""customer_type"": ""Transient"", ""adr"": ""0"", ""required_car_parking_spaces"": ""0"", ""total_of_special_requests"": ""1"", ""reservation_status"": ""Check-Out"", ""reservation_status_date"": ""2017-02-13""}",No guests in booking
105726,"{""hotel"": ""City Hotel"", ""is_canceled"": ""0"", ""lead_time"": ""0"", ""arrival_date_year"": ""2017"", ""arrival_date_month"": ""February"", ""arrival_date_week_number"": ""7"", ""arrival_date_day_of_month"": ""15"", ""stays_in_weekend_nights"": ""0"", ""stays_in_week_nights"": ""0"", ""adults"": ""0"", ""children"": ""0"", ""babies"": ""0"", ""meal"": ""SC"", ""country"": ""PRT"", ""market_segment"": ""Online TA"", ""distribution_channel"": ""TA/TO"", ""is_repeated_guest"": ""1"", ""previous_cancellations"": ""0"", ""previous_bookings_not_canceled"": ""0"", ""reserved_room_type"": ""A"", ""assigned_room_type"": ""K"", ""booking_changes"": ""0"", ""deposit_type"": ""No Deposit"", ""agent"": ""7"", ""company"": null, ""days_in_waiting_list"": ""0"", ""customer_type"": ""Transient"", ""adr"": ""0"", ""required_car_parking_spaces"": ""0"", ""total_of_special_requests"": ""1"", ""reservation_status"": ""Check-Out"", ""reservation_status_date"": ""2017-02-15""}",No guests in booking
105728,"{""hotel"": ""City Hotel"", ""is_canceled"": ""0"", ""lead_time"": ""0"", ""arrival_date_year"": ""2017"", ""arrival_date_month"": ""February"", ""arrival_date_week_number"": ""7"", ""arrival_date_day_of_month"": ""15"", ""stays_in_weekend_nights"": ""0"", ""stays_in_week_nights"": ""0"", ""adults"": ""0"", ""children"": ""0"", ""babies"": ""0"", ""meal"": ""SC"", ""country"": ""PRT"", ""market_segment"": ""Online TA"", ""distribution_channel"": ""TA/TO"", ""is_repeated_guest"": ""1"", ""previous_cancellations"": ""0"", ""previous_bookings_not_canceled"": ""0"", ""reserved_room_type"": ""A"", ""assigned_room_type"": ""K"", ""booking_changes"": ""0"", ""deposit_type"": ""No Deposit"", ""agent"": ""7"", ""company"": null, ""days_in_waiting_list"": ""0"", ""customer_type"": ""Transient"", ""adr"": ""0"", ""required_car_parking_spaces"": ""0"", ""total_of_special_requests"": ""1"", ""reservation_status"": ""Check-Out"", ""reservation_status_date"": ""2017-02-15""}",No guests in booking
106556,"{""hotel"": ""City Hotel"", ""is_canceled"": ""0"", ""lead_time"": ""0"", ""arrival_date_year"": ""2017"", ""arrival_date_month"": ""February"", ""arrival_date_week_number"": ""9"", ""arrival_date_day_of_month"": ""27"", ""stays_in_weekend_nights"": ""0"", ""stays_in_week_nights"": ""0"", ""adults"": ""0"", ""children"": ""0"", ""babies"": ""0"", ""meal"": ""BB"", ""country"": ""PRT"", ""market_segment"": ""Online TA"", ""distribution_channel"": ""TA/TO"", ""is_repeated_guest"": ""1"", ""previous_cancellations"": ""0"", ""previous_bookings_not_canceled"": ""0"", ""reserved_room_type"": ""A"", ""assigned_room_type"": ""K"", ""booking_changes"": ""0"", ""deposit_type"": ""No Deposit"", ""agent"": ""85"", ""company"": null, ""days_in_waiting_list"": ""0"", ""customer_type"": ""Transient"", ""adr"": ""0"", ""required_car_parking_spaces"": ""0"", ""total_of_special_requests"": ""0"", ""reservation_status"": ""Check-Out"", ""reservation_status_date"": ""2017-02-27""}",No guests in booking
106561,"{""hotel"": ""City Hotel"", ""is_canceled"": ""0"", ""lead_time"": ""11"", ""arrival_date_year"": ""2017"", ""arrival_date_month"": ""January"", ""arrival_date_week_number"": ""3"", ""arrival_date_day_of_month"": ""15"", ""stays_in_weekend_nights"": ""13"", ""stays_in_week_nights"": ""30"", ""adults"": ""0"", ""children"": ""0"", ""babies"": ""0"", ""meal"": ""SC"", ""country"": ""USA"", ""market_segment"": ""Online TA"", ""distribution_channel"": ""TA/TO"", ""is_repeated_guest"": ""0"", ""previous_cancellations"": ""0"", ""previous_bookings_not_canceled"": ""0"", ""reserved_room_type"": ""A"", ""assigned_room_type"": ""K"", ""booking_changes"": ""14"", ""deposit_type"": ""No Deposit"", ""agent"": ""9"", ""company"": null, ""days_in_waiting_list"": ""0"", ""customer_type"": ""Transient"", ""adr"": ""0"", ""required_car_parking_spaces"": ""0"", ""total_of_special_requests"": ""0"", ""reservation_status"": ""Check-Out"", ""reservation_status_date"": ""2017-02-27""}",No guests in booking
106562,"{""hotel"": ""City Hotel"", ""is_canceled"": ""0"", ""lead_time"": ""1"", ""arrival_date_year"": ""2017"", ""arrival_date_month"": ""February"", ""arrival_date_week_number"": ""7"", ""arrival_date_day_of_month"": ""12"", ""stays_in_weekend_nights"": ""5"", ""stays_in_week_nights"": ""10"", ""adults"": ""0"", ""children"": ""0"", ""babies"": ""0"", ""meal"": ""SC"", ""country"": ""GBR"", ""market_segment"": ""Online TA"", ""distribution_channel"": ""TA/TO"", ""is_repeated_guest"": ""0"", ""previous_cancellations"": ""0"", ""previous_bookings_not_canceled"": ""0"", ""reserved_room_type"": ""D"", ""assigned_room_type"": ""K"", ""booking_changes"": ""8"", ""deposit_type"": ""No Deposit"", ""agent"": ""9"", ""company"": null, ""days_in_waiting_list"": ""0"", ""customer_type"": ""Transient"", ""adr"": ""35.81"", ""required_car_parking_spaces"": ""0"", ""total_of_special_requests"": ""0"", ""reservation_status"": ""Check-Out"", ""reservation_status_date"": ""2017-02-27""}",No guests in booking
106570,"{""hotel"": ""City Hotel"", ""is_canceled"": ""0"", ""lead_time"": ""0"", ""arrival_date_year"": ""2017"", ""arrival_date_month"": ""February"", ""arrival_date_week_number"": ""9"", ""arrival_date_day_of_month"": ""27"", ""stays_in_weekend_nights"": ""0"", ""stays_in_week_nights"": ""0"", ""adults"": ""0"", ""children"": ""0"", ""babies"": ""0"", ""meal"": ""BB"", ""country"": ""PRT"", ""market_segment"": ""Online TA"", ""distribution_channel"": ""TA/TO"", ""is_repeated_guest"": ""1"", ""previous_cancellations"": ""0"", ""previous_bookings_not_canceled"": ""0"", ""reserved_room_type"": ""A"", ""assigned_room_type"": ""K"", ""booking_changes"": ""0"", ""deposit_type"": ""No Deposit"", ""agent"": ""9"", ""company"": null, ""days_in_waiting_list"": ""0"", ""customer_type"": ""Transient"", ""adr"": ""0"", ""required_car_parking_spaces"": ""0"", ""total_of_special_requests"": ""3"", ""reservation_status"": ""Check-Out"", ""reservation_status_date"": ""2017-02-27""}",No guests in booking
106647,"{""hotel"": ""City Hotel"", ""is_canceled"": ""0"", ""lead_time"": ""0"", ""arrival_date_year"": ""2017"", ""arrival_date_month"": ""March"", ""arrival_date_week_number"": ""9"", ""arrival_date_day_of_month"": ""1"", ""stays_in_weekend_nights"": ""0"", ""stays_in_week_nights"": ""0"", ""adults"": ""0"", ""children"": ""0"", ""babies"": ""0"", ""meal"": ""SC"", ""country"": ""PRT"", ""market_segment"": ""Online TA"", ""distribution_channel"": ""TA/TO"", ""is_repeated_guest"": ""1"", ""previous_cancellations"": ""0"", ""previous_bookings_not_canceled"": ""0"", ""reserved_room_type"": ""A"", ""assigned_room_type"": ""K"", ""booking_changes"": ""0"", ""deposit_type"": ""No Deposit"", ""agent"": ""9"", ""company"": null, ""days_in_waiting_list"": ""0"", ""customer_type"": ""Transient"", ""adr"": ""0"", ""required_car_parking_spaces"": ""0"", ""total_of_special_requests"": ""2"", ""reservation_status"": ""Check-Out"", ""reservation_status_date"": ""2017-03-01""}",No guests in booking
106706,"{""hotel"": ""City Hotel"", ""is_canceled"": ""0"", ""lead_time"": ""0"", ""arrival_date_year"": ""2017"", ""arrival_date_month"": ""March"", ""arrival_date_week_number"": ""9"", ""arrival_date_day_of_month"": ""1"", ""stays_in_weekend_nights"": ""0"", ""stays_in_week_nights"": ""0"", ""adults"": ""0"", ""children"": ""0"", ""babies"": ""0"", ""meal"": ""BB"", ""country"": ""PRT"", ""market_segment"": ""Online TA"", ""distribution_channel"": ""TA/TO"", ""is_repeated_guest"": ""1"", ""previous_cancellations"": ""0"", ""previous_bookings_not_canceled"": ""0"", ""reserved_room_type"": ""A"", ""assigned_room_type"": ""K"", ""booking_changes"": ""0"", ""deposit_type"": ""No Deposit"", ""agent"": ""9"", ""company"": null, ""days_in_waiting_list"": ""0"", ""customer_type"": ""Transient"", ""adr"": ""0"", ""required_car_parking_spaces"": ""0"", ""total_of_special_requests"": ""2"", ""reservation_status"": ""Check-Out"", ""reservation_status_date"": ""2017-03-01""}",No guests in booking
106833,"{""hotel"": ""City Hotel"", ""is_canceled"": ""0"", ""lead_time"": ""50"", ""arrival_date_year"": ""2017"", ""arrival_date_month"": ""March"", ""arrival_date_week_number"": ""9"", ""arrival_date_day_of_month"": ""1"", ""stays_in_weekend_nights"": ""0"", ""stays_in_week_nights"": ""3"", ""adults"": ""0"", ""children"": ""0"", ""babies"": ""0"", ""meal"": ""BB"", ""country"": ""IRN"", ""market_segment"": ""Online TA"", ""distribution_channel"": ""TA/TO"", ""is_repeated_guest"": ""0"", ""previous_cancellations"": ""0"", ""previous_bookings_not_canceled"": ""0"", ""reserved_room_type"": ""A"", ""assigned_room_type"": ""A"", ""booking_changes"": ""1"", ""deposit_type"": ""No Deposit"", ""agent"": ""86"", ""company"": null, ""days_in_waiting_list"": ""0"", ""customer_type"": ""Transient"", ""adr"": ""86.4"", ""required_car_parking_spaces"": ""0"", ""total_of_special_requests"": ""1"", ""reservation_status"": ""Check-Out"", ""reservation_status_date"": ""2017-03-04""}",No guests in booking
107026,"{""hotel"": ""City Hotel"", ""is_canceled"": ""0"", ""lead_time"": ""37"", ""arrival_date_year"": ""2017"", ""arrival_date_month"": ""February"", ""arrival_date_week_number"": ""8"", ""arrival_date_day_of_month"": ""22"", ""stays_in_weekend_nights"": ""3"", ""stays_in_week_nights"": ""9"", ""adults"": ""0"", ""children"": ""0"", ""babies"": ""0"", ""meal"": ""BB"", ""country"": ""ITA"", ""market_segment"": ""Offline TA/TO"", ""distribution_channel"": ""TA/TO"", ""is_repeated_guest"": ""0"", ""previous_cancellations"": ""0"", ""previous_bookings_not_canceled"": ""0"", ""reserved_room_type"": ""A"", ""assigned_room_type"": ""K"", ""booking_changes"": ""4"", ""deposit_type"": ""No Deposit"", ""agent"": ""28"", ""company"": null, ""days_in_waiting_list"": ""0"", ""customer_type"": ""Transient"", ""adr"": ""0"", ""required_car_parking_spaces"": ""0"", ""total_of_special_requests"": ""0"", ""reservation_status"": ""Check-Out"", ""reservation_status_date"": ""2017-03-06""}",No guests in booking
107027,"{""hotel"": ""City Hotel"", ""is_canceled"": ""0"", ""lead_time"": ""2"", ""arrival_date_year"": ""2017"", ""arrival_date_month"": ""March"", ""arrival_date_week_number"": ""10"", ""arrival_date_day_of_month"": ""6"", ""stays_in_weekend_nights"": ""0"", ""stays_in_week_nights"": ""0"", ""adults"": ""0"", ""children"": ""0"", ""babies"": ""0"", ""meal"": ""SC"", ""country"": ""PRT"", ""market_segment"": ""Online TA"", ""distribution_channel"": ""TA/TO"", ""is_repeated_guest"": ""0"", ""previous_cancellations"": ""0"", ""previous_bookings_not_canceled"": ""0"", ""reserved_room_type"": ""D"", ""assigned_room_type"": ""K"", ""booking_changes"": ""0"", ""deposit_type"": ""No Deposit"", ""agent"": ""9"", ""company"": null, ""days_in_waiting_list"": ""0"", ""customer_type"": ""Transient"", ""adr"": ""0"", ""required_car_parking_spaces"": ""0"", ""total_of_special_requests"": ""0"", ""reservation_status"": ""Check-Out"", ""reservation_status_date"": ""2017-03-06""}",No guests in booking
107033,"{""hotel"": ""City Hotel"", ""is_canceled"": ""0"", ""lead_time"": ""0"", ""arrival_date_year"": ""2017"", ""arrival_date_month"": ""March"", ""arrival_date_week_number"": ""10"", ""arrival_date_day_of_month"": ""7"", ""stays_in_weekend_nights"": ""0"", ""stays_in_week_nights"": ""0"", ""adults"": ""0"", ""children"": ""0"", ""babies"": ""0"", ""meal"": ""BB"", ""country"": ""PRT"", ""market_segment"": ""Offline TA/TO"", ""distribution_channel"": ""TA/TO"", ""is_repeated_guest"": ""1"", ""previous_cancellations"": ""0"", ""previous_bookings_not_canceled"": ""0"", ""reserved_room_type"": ""A"", ""assigned_room_type"": ""K"", ""booking_changes"": ""1"", ""deposit_type"": ""No Deposit"", ""agent"": ""22"", ""company"": null, ""days_in_waiting_list"": ""0"", ""customer_type"": ""Transient"", ""adr"": ""0"", ""required_car_parking_spaces"": ""0"", ""total_of_special_requests"": ""0"", ""reservation_status"": ""Check-Out"", ""reservation_status_date"": ""2017-03-07""}",No guests in booking
107154,"{""hotel"": ""City Hotel"", ""is_canceled"": ""0"", ""lead_time"": ""51"", ""arrival_date_year"": ""2017"", ""arrival_date_month"": ""March"", ""arrival_date_week_number"": ""10"", ""arrival_date_day_of_month"": ""8"", ""stays_in_weekend_nights"": ""0"", ""stays_in_week_nights"": ""0"", ""adults"": ""0"", ""children"": ""0"", ""babies"": ""0"", ""meal"": ""BB"", ""country"": ""PRT"", ""market_segment"": ""Offline TA/TO"", ""distribution_channel"": ""TA/TO"", ""is_repeated_guest"": ""0"", ""previous_cancellations"": ""0"", ""previous_bookings_not_canceled"": ""0"", ""reserved_room_type"": ""A"", ""assigned_room_type"": ""D"", ""booking_changes"": ""1"", ""deposit_type"": ""No Deposit"", ""agent"": ""28"", ""company"": null, ""days_in_waiting_list"": ""0"", ""customer_type"": ""Transient"", ""adr"": ""0"", ""required_car_parking_spaces"": ""0"", ""total_of_special_requests"": ""0"", ""reservation_status"": ""Check-Out"", ""reservation_status_date"": ""2017-03-08""}",No guests in booking
107157,"{""hotel"": ""City Hotel"", ""is_canceled"": ""0"", ""lead_time"": ""0"", ""arrival_date_year"": ""2017"", ""arrival_date_month"": ""March"", ""arrival_date_week_number"": ""10"", ""arrival_date_day_of_month"": ""9"", ""stays_in_weekend_nights"": ""0"", ""stays_in_week_nights"": ""0"", ""adults"": ""0"", ""children"": ""0"", ""babies"": ""0"", ""meal"": ""BB"", ""country"": ""PRT"", ""market_segment"": ""Offline TA/TO"", ""distribution_channel"": ""TA/TO"", ""is_repeated_guest"": ""1"", ""previous_cancellations"": ""0"", ""previous_bookings_not_canceled"": ""0"", ""reserved_room_type"": ""A"", ""assigned_room_type"": ""K"", ""booking_changes"": ""0"", ""deposit_type"": ""No Deposit"", ""agent"": ""15"", ""company"": null, ""days_in_waiting_list"": ""0"", ""customer_type"": ""Transient"", ""adr"": ""0"", ""required_car_parking_spaces"": ""0"", ""total_of_special_requests"": ""0"", ""reservation_status"": ""Check-Out"", ""reservation_status_date"": ""2017-03-09""}",No guests in booking
107510,"{""hotel"": ""City Hotel"", ""is_canceled"": ""0"", ""lead_time"": ""17"", ""arrival_date_year"": ""2017"", ""arrival_date_month"": ""March"", ""arrival_date_week_number"": ""9"", ""arrival_date_day_of_month"": ""3"", ""stays_in_weekend_nights"": ""3"", ""stays_in_week_nights"": ""7"", ""adults"": ""0"", ""children"": ""0"", ""babies"": ""0"", ""meal"": ""SC"", ""country"": ""FRA"", ""market_segment"": ""Online TA"", ""distribution_channel"": ""TA/TO"", ""is_repeated_guest"": ""0"", ""previous_cancellations"": ""0"", ""previous_bookings_not_canceled"": ""0"", ""reserved_room_type"": ""E"", ""assigned_room_type"": ""K"", ""booking_changes"": ""1"", ""deposit_type"": ""No Deposit"", ""agent"": ""354"", ""company"": null, ""days_in_waiting_list"": ""0"", ""customer_type"": ""Transient"", ""adr"": ""0"", ""required_car_parking_spaces"": ""0"", ""total_of_special_requests"": ""0"", ""reservation_status"": ""Check-Out"", ""reservation_status_date"": ""2017-03-13""}",No guests in booking
107543,"{""hotel"": ""City Hotel"", ""is_canceled"": ""0"", ""lead_time"": ""0"", ""arrival_date_year"": ""2017"", ""arrival_date_month"": ""March"", ""arrival_date_week_number"": ""11"", ""arrival_date_day_of_month"": ""15"", ""stays_in_weekend_nights"": ""0"", ""stays_in_week_nights"": ""0"", ""adults"": ""0"", ""children"": ""0"", ""babies"": ""0"", ""meal"": ""SC"", ""country"": ""PRT"", ""market_segment"": ""Offline TA/TO"", ""distribution_channel"": ""TA/TO"", ""is_repeated_guest"": ""1"", ""previous_cancellations"": ""0"", ""previous_bookings_not_canceled"": ""0"", ""reserved_room_type"": ""A"", ""assigned_room_type"": ""K"", ""booking_changes"": ""0"", ""deposit_type"": ""No Deposit"", ""agent"": ""132"", ""company"": null, ""days_in_waiting_list"": ""0"", ""customer_type"": ""Transient"", ""adr"": ""0"", ""required_car_parking_spaces"": ""0"", ""total_of_special_requests"": ""0"", ""reservation_status"": ""Check-Out"", ""reservation_status_date"": ""2017-03-15""}",No guests in booking
107594,"{""hotel"": ""City Hotel"", ""is_canceled"": ""0"", ""lead_time"": ""0"", ""arrival_date_year"": ""2017"", ""arrival_date_month"": ""March"", ""arrival_date_week_number"": ""9"", ""arrival_date_day_of_month"": ""4"", ""stays_in_weekend_nights"": ""4"", ""stays_in_week_nights"": ""7"", ""adults"": ""0"", ""children"": ""0"", ""babies"": ""0"", ""meal"": ""SC"", ""country"": ""PRT"", ""market_segment"": ""Online TA"", ""distribution_channel"": ""TA/TO"", ""is_repeated_guest"": ""0"", ""previous_cancellations"": ""0"", ""previous_bookings_not_canceled"": ""0"", ""reserved_room_type"": ""A"", ""assigned_room_type"": ""K"", ""booking_changes"": ""5"", ""deposit_type"": ""No Deposit"", ""agent"": ""9"", ""company"": null, ""days_in_waiting_list"": ""0"", ""customer_type"": ""Transient"", ""adr"": ""8"", ""required_car_parking_spaces"": ""0"", ""total_of_special_requests"": ""0"", ""reservation_status"": ""Check-Out"", ""reservation_status_date"": ""2017-03-15""}",No guests in booking
107676,"{""hotel"": ""City Hotel"", ""is_canceled"": ""0"", ""lead_time"": ""0"", ""arrival_date_year"": ""2017"", ""arrival_date_month"": ""March"", ""arrival_date_week_number"": ""11"", ""arrival_date_day_of_month"": ""17"", ""stays_in_weekend_nights"": ""0"", ""stays_in_week_nights"": ""0"", ""adults"": ""0"", ""children"": ""0"", ""babies"": ""0"", ""meal"": ""SC"", ""country"": ""PRT"", ""market_segment"": ""Online TA"", ""distribution_channel"": ""TA/TO"", ""is_repeated_guest"": ""1"", ""previous_cancellations"": ""0"", ""previous_bookings_not_canceled"": ""0"", ""reserved_room_type"": ""A"", ""assigned_room_type"": ""K"", ""booking_changes"": ""0"", ""deposit_type"": ""No Deposit"", ""agent"": ""9"", ""company"": null, ""days_in_waiting_list"": ""0"", ""customer_type"": ""Transient"", ""adr"": ""0"", ""required_car_parking_spaces"": ""0"", ""total_of_special_requests"": ""0"", ""reservation_status"": ""Check-Out"", ""reservation_status_date"": ""2017-03-17""}",No guests in booking
107977,"{""hotel"": ""City Hotel"", ""is_canceled"": ""0"", ""lead_time"": ""0"", ""arrival_date_year"": ""2017"", ""arrival_date_month"": ""March"", ""arrival_date_week_number"": ""12"", ""arrival_date_day_of_month"": ""21"", ""stays_in_weekend_nights"": ""0"", ""stays_in_week_nights"": ""0"", ""adults"": ""0"", ""children"": ""0"", ""babies"": ""0"", ""meal"": ""SC"", ""country"": ""GBR"", ""market_segment"": ""Online TA"", ""distribution_channel"": ""TA/TO"", ""is_repeated_guest"": ""1"", ""previous_cancellations"": ""0"", ""previous_bookings_not_canceled"": ""0"", ""reserved_room_type"": ""A"", ""assigned_room_type"": ""A"", ""booking_changes"": ""2"", ""deposit_type"": ""No Deposit"", ""agent"": ""9"", ""company"": null, ""days_in_waiting_list"": ""0"", ""customer_type"": ""Transient"", ""adr"": ""0"", ""required_car_parking_spaces"": ""1"", ""total_of_special_requests"": ""1"", ""reservation_status"": ""Check-Out"", ""reservation_status_date"": ""2017-03-21""}",No guests in booking
107992,"{""hotel"": ""City Hotel"", ""is_canceled"": ""0"", ""lead_time"": ""0"", ""arrival_date_year"": ""2017"", ""arrival_date_month"": ""March"", ""arrival_date_week_number"": ""10"", ""arrival_date_day_of_month"": ""7"", ""stays_in_weekend_nights"": ""4"", ""stays_in_week_nights"": ""10"", ""adults"": ""0"", ""children"": ""0"", ""babies"": ""0"", ""meal"": ""SC"", ""country"": ""PRT"", ""market_segment"": ""Direct"", ""distribution_channel"": ""Direct"", ""is_repeated_guest"": ""0"", ""previous_cancellations"": ""0"", ""previous_bookings_not_canceled"": ""0"", ""reserved_room_type"": ""A"", ""assigned_room_type"": ""K"", ""booking_changes"": ""8"", ""deposit_type"": ""No Deposit"", ""agent"": null, ""company"": null, ""days_in_waiting_list"": ""0"", ""customer_type"": ""Transient"", ""adr"": ""0"", ""required_car_parking_spaces"": ""0"", ""total_of_special_requests"": ""1"", ""reservation_status"": ""Check-Out"", ""reservation_status_date"": ""2017-03-21""}",No guests in booking
108233,"{""hotel"": ""City Hotel"", ""is_canceled"": ""0"", ""lead_time"": ""0"", ""arrival_date_year"": ""2017"", ""arrival_date_month"": ""March"", ""arrival_date_week_number"": ""12"", ""arrival_date_day_of_month"": ""24"", ""stays_in_weekend_nights"": ""0"", ""stays_in_week_nights"": ""0"", ""adults"": ""0"", ""children"": ""0"", ""babies"": ""0"", ""meal"": ""BB"", ""country"": ""PRT"", ""market_segment"": ""Online TA"", ""distribution_channel"": ""TA/TO"", ""is_repeated_guest"": ""1"", ""previous_cancellations"": ""0"", ""previous_bookings_not_canceled"": ""0"", ""reserved_room_type"": ""A"", ""assigned_room_type"": ""C"", ""booking_changes"": ""0"", ""deposit_type"": ""No Deposit"", ""agent"": ""155"", ""company"": null, ""days_in_waiting_list"": ""0"", ""customer_type"": ""Transient"", ""adr"": ""0"", ""required_car_parking_spaces"": ""0"", ""total_of_special_requests"": ""1"", ""reservation_status"": ""Check-Out"", ""reservation_status_date"": ""2017-03-24""}",No guests in booking
108234,"{""hotel"": ""City Hotel"", ""is_canceled"": ""0"", ""lead_time"": ""0"", ""arrival_date_year"": ""2017"", ""arrival_date_month"": ""March"", ""arrival_date_week_number"": ""12"", ""arrival_date_day_of_month"": ""24"", ""stays_in_weekend_nights"": ""0"", ""stays_in_week_nights"": ""0"", ""adults"": ""0"", ""children"": ""0"", ""babies"": ""0"", ""meal"": ""BB"", ""country"": ""PRT"", ""market_segment"": ""Online TA"", ""distribution_channel"": ""TA/TO"", ""is_repeated_guest"": ""1"", ""previous_cancellations"": ""0"", ""previous_bookings_not_canceled"": ""0"", ""reserved_room_type"": ""A"", ""assigned_room_type"": ""G"", ""booking_changes"": ""0"", ""deposit_type"": ""No Deposit"", ""agent"": ""86"", ""company"": null, ""days_in_waiting_list"": ""0"", ""customer_type"": ""Transient"", ""adr"": ""0"", ""required_car_parking_spaces"": ""0"", ""total_of_special_requests"": ""0"", ""reservation_status"": ""Check-Out"", ""reservation_status_date"": ""2017-03-24""}",No guests in booking
108235,"{""hotel"": ""City Hotel"", ""is_canceled"": ""0"", ""lead_time"": ""0"", ""arrival_date_year"": ""2017"", ""arrival_date_month"": ""March"", ""arrival_date_week_number"": ""12"", ""arrival_date_day_of_month"": ""24"", ""stays_in_weekend_nights"": ""0"", ""stays_in_week_nights"": ""0"", ""adults"": ""0"", ""children"": ""0"", ""babies"": ""0"", ""meal"": ""BB"", ""country"": ""PRT"", ""market_segment"": ""Online TA"", ""distribution_channel"": ""TA/TO"", ""is_repeated_guest"": ""1"", ""previous_cancellations"": ""0"", ""previous_bookings_not_canceled"": ""0"", ""reserved_room_type"": ""A"", ""assigned_room_type"": ""G"", ""booking_changes"": ""0"", ""deposit_type"": ""No Deposit"", ""agent"": ""86"", ""company"": null, ""days_in_waiting_list"": ""0"", ""customer_type"": ""Transient"", ""adr"": ""0"", ""required_car_parking_spaces"": ""0"", ""total_of_special_requests"": ""0"", ""reservation_status"": ""Check-Out"", ""reservation_status_date"": ""2017-03-24""}",No guests in booking
109038,"{""hotel"": ""City Hotel"", ""is_canceled"": ""0"", ""lead_time"": ""2"", ""arrival_date_year"": ""2017"", ""arrival_date_month"": ""March"", ""arrival_date_week_number"": ""10"", ""arrival_date_day_of_month"": ""9"", ""stays_in_weekend_nights"": ""8"", ""stays_in_week_nights"": ""19"", ""adults"": ""0"", ""children"": ""0"", ""babies"": ""0"", ""meal"": ""SC"", ""country"": ""PRT"", ""market_segment"": ""Direct"", ""distribution_channel"": ""Direct"", ""is_repeated_guest"": ""0"", ""previous_cancellations"": ""0"", ""previous_bookings_not_canceled"": ""0"", ""reserved_room_type"": ""G"", ""assigned_room_type"": ""K"", ""booking_changes"": ""14"", ""deposit_type"": ""No Deposit"", ""agent"": null, ""company"": null, ""days_in_waiting_list"": ""0"", ""customer_type"": ""Transient"", ""adr"": ""0"", ""required_car_parking_spaces"": ""0"", ""total_of_special_requests"": ""0"", ""reservation_status"": ""Check-Out"", ""reservation_status_date"": ""2017-04-05""}",No guests in booking
109945,"{""hotel"": ""City Hotel"", ""is_canceled"": ""0"", ""lead_time"": ""10"", ""arrival_date_year"": ""2017"", ""arrival_date_month"": ""April"", ""arrival_date_week_number"": ""15"", ""arrival_date_day_of_month"": ""14"", ""stays_in_weekend_nights"": ""2"", ""stays_in_week_nights"": ""3"", ""adults"": ""0"", ""children"": ""0"", ""babies"": ""0"", ""meal"": ""SC"", ""country"": ""ESP"", ""market_segment"": ""Direct"", ""distribution_channel"": ""Direct"", ""is_repeated_guest"": ""0"", ""previous_cancellations"": ""0"", ""previous_bookings_not_canceled"": ""0"", ""reserved_room_type"": ""D"", ""assigned_room_type"": ""K"", ""booking_changes"": ""1"", ""deposit_type"": ""No Deposit"", ""agent"": ""14"", ""company"": null, ""days_in_waiting_list"": ""0"", ""customer_type"": ""Transient"", ""adr"": ""0"", ""required_car_parking_spaces"": ""0"", ""total_of_special_requests"": ""1"", ""reservation_status"": ""Check-Out"", ""reservation_status_date"": ""2017-04-19""}",No guests in booking
110280,"{""hotel"": ""City Hotel"", ""is_canceled"": ""1"", ""lead_time"": ""132"", ""arrival_date_year"": ""2017"", ""arrival_date_month"": ""April"", ""arrival_date_week_number"": ""17"", ""arrival_date_day_of_month"": ""25"", ""stays_in_weekend_nights"": ""0"", ""stays_in_week_nights"": ""0"", ""adults"": ""0"", ""children"": ""0"", ""babies"": ""0"", ""meal"": ""BB"", ""country"": ""FRA"", ""market_segment"": ""Online TA"", ""distribution_channel"": ""TA/TO"", ""is_repeated_guest"": ""0"", ""previous_cancellations"": ""0"", ""previous_bookings_not_canceled"": ""0"", ""reserved_room_type"": ""D"", ""assigned_room_type"": ""K"", ""booking_changes"": ""1"", ""deposit_type"": ""No Deposit"", ""agent"": ""9"", ""company"": null, ""days_in_waiting_list"": ""0"", ""customer_type"": ""Transient"", ""adr"": ""0"", ""required_car_parking_spaces"": ""0"", ""total_of_special_requests"": ""3"", ""reservation_status"": ""Canceled"", ""reservation_status_date"": ""2017-04-25""}",No guests in booking
110301,"{""hotel"": ""City Hotel"", ""is_canceled"": ""0"", ""lead_time"": ""7"", ""arrival_date_year"": ""2017"", ""arrival_date_month"": ""April"", ""arrival_date_week_number"": ""16"", ""arrival_date_day_of_month"": ""20"", ""stays_in_weekend_nights"": ""2"", ""stays_in_week_nights"": ""3"", ""adults"": ""0"", ""children"": ""0"", ""babies"": ""0"", ""meal"": ""SC"", ""country"": ""PRT"", ""market_segment"": ""Corporate"", ""distribution_channel"": ""Corporate"", ""is_repeated_guest"": ""0"", ""previous_cancellations"": ""0"", ""previous_bookings_not_canceled"": ""0"", ""reserved_room_type"": ""A"", ""assigned_room_type"": ""K"", ""booking_changes"": ""1"", ""deposit_type"": ""No Deposit"", ""agent"": null, ""company"": ""460"", ""days_in_waiting_list"": ""0"", ""customer_type"": ""Transient"", ""adr"": ""0"", ""required_car_parking_spaces"": ""0"", ""total_of_special_requests"": ""1"", ""reservation_status"": ""Check-Out"", ""reservation_status_date"": ""2017-04-25""}",No guests in booking
111027,"{""hotel"": ""City Hotel"", ""is_canceled"": ""0"", ""lead_time"": ""0"", ""arrival_date_year"": ""2017"", ""arrival_date_month"": ""May"", ""arrival_date_week_number"": ""18"", ""arrival_date_day_of_month"": ""5"", ""stays_in_weekend_nights"": ""0"", ""stays_in_week_nights"": ""0"", ""adults"": ""0"", ""children"": ""0"", ""babies"": ""0"", ""meal"": ""SC"", ""country"": ""PRT"", ""market_segment"": ""Complementary"", ""distribution_channel"": ""Direct"", ""is_repeated_guest"": ""1"", ""previous_cancellations"": ""0"", ""previous_bookings_not_canceled"": ""0"", ""reserved_room_type"": ""C"", ""assigned_room_type"": ""C"", ""booking_changes"": ""0"", ""deposit_type"": ""No Deposit"", ""agent"": null, ""company"": null, ""days_in_waiting_list"": ""0"", ""customer_type"": ""Transient"", ""adr"": ""0"", ""required_car_parking_spaces"": ""0"", ""total_of_special_requests"": ""0"", ""reservation_status"": ""Check-Out"", ""reservation_status_date"": ""2017-05-05""}",No guests in booking
111042,"{""hotel"": ""City Hotel"", ""is_canceled"": ""0"", ""lead_time"": ""17"", ""arrival_date_year"": ""2017"", ""arrival_date_month"": ""April"", ""arrival_date_week_number"": ""17"", ""arrival_date_day_of_month"": ""27"", ""stays_in_weekend_nights"": ""2"", ""stays_in_week_nights"": ""6"", ""adults"": ""0"", ""children"": ""0"", ""babies"": ""0"", ""meal"": ""SC"", ""country"": ""ESP"", ""market_segment"": ""Offline TA/TO"", ""distribution_channel"": ""TA/TO"", ""is_repeated_guest"": ""0"", ""previous_cancellations"": ""0"", ""previous_bookings_not_canceled"": ""0"", ""reserved_room_type"": ""D"", ""assigned_room_type"": ""K"", ""booking_changes"": ""7"", ""deposit_type"": ""No Deposit"", ""agent"": ""290"", ""company"": null, ""days_in_waiting_list"": ""0"", ""customer_type"": ""Transient"", ""adr"": ""0"", ""required_car_parking_spaces"": ""0"", ""total_of_special_requests"": ""0"", ""reservation_status"": ""Check-Out"", ""reservation_status_date"": ""2017-05-05""}",No guests in booking
111406,"{""hotel"": ""City Hotel"", ""is_canceled"": ""0"", ""lead_time"": ""33"", ""arrival_date_year"": ""2017"", ""arrival_date_month"": ""May"", ""arrival_date_week_number"": ""19"", ""arrival_date_day_of_month"": ""9"", ""stays_in_weekend_nights"": ""0"", ""stays_in_week_nights"": ""1"", ""adults"": ""0"", ""children"": ""0"", ""babies"": ""0"", ""meal"": ""SC"", ""country"": ""PRT"", ""market_segment"": ""Offline TA/TO"", ""distribution_channel"": ""TA/TO"", ""is_repeated_guest"": ""0"", ""previous_cancellations"": ""0"", ""previous_bookings_not_canceled"": ""0"", ""reserved_room_type"": ""E"", ""assigned_room_type"": ""G"", ""booking_changes"": ""3"", ""deposit_type"": ""No Deposit"", ""agent"": ""87"", ""company"": null, ""days_in_waiting_list"": ""0"", ""customer_type"": ""Transient"", ""adr"": ""200"", ""required_car_parking_spaces"": ""0"", ""total_of_special_requests"": ""0"", ""reservation_status"": ""Check-Out"", ""reservation_status_date"": ""2017-05-10""}",No guests in booking
111531,"{""hotel"": ""City Hotel"", ""is_canceled"": ""0"", ""lead_time"": ""35"", ""arrival_date_year"": ""2017"", ""arrival_date_month"": ""May"", ""arrival_date_week_number"": ""19"", ""arrival_date_day_of_month"": ""10"", ""stays_in_weekend_nights"": ""0"", ""stays_in_week_nights"": ""2"", ""adults"": ""0"", ""children"": ""0"", ""babies"": ""0"", ""meal"": ""BB"", ""country"": ""IRL"", ""market_segment"": ""Groups"", ""distribution_channel"": ""TA/TO"", ""is_repeated_guest"": ""0"", ""previous_cancellations"": ""0"", ""previous_bookings_not_canceled"": ""0"", ""reserved_room_type"": ""A"", ""assigned_room_type"": ""A"", ""booking_changes"": ""3"", ""deposit_type"": ""No Deposit"", ""agent"": ""39"", ""company"": null, ""days_in_waiting_list"": ""0"", ""customer_type"": ""Transient-Party"", ""adr"": ""0"", ""required_car_parking_spaces"": ""0"", ""total_of_special_requests"": ""0"", ""reservation_status"": ""Check-Out"", ""reservation_status_date"": ""2017-05-12""}",No guests in booking
111709,"{""hotel"": ""City Hotel"", ""is_canceled"": ""0"", ""lead_time"": ""31"", ""arrival_date_year"": ""2017"", ""arrival_date_month"": ""May"", ""arrival_date_week_number"": ""20"", ""arrival_date_day_of_month"": ""14"", ""stays_in_weekend_nights"": ""0"", ""stays_in_week_nights"": ""0"", ""adults"": ""0"", ""children"": ""0"", ""babies"": ""0"", ""meal"": ""BB"", ""country"": ""PRT"", ""market_segment"": ""Groups"", ""distribution_channel"": ""Corporate"", ""is_repeated_guest"": ""0"", ""previous_cancellations"": ""0"", ""previous_bookings_not_canceled"": ""0"", ""reserved_room_type"": ""A"", ""assigned_room_type"": ""D"", ""booking_changes"": ""2"", ""deposit_type"": ""No Deposit"", ""agent"": ""459"", ""company"": null, ""days_in_waiting_list"": ""0"", ""customer_type"": ""Transient-Party"", ""adr"": ""0"", ""required_car_parking_spaces"": ""0"", ""total_of_special_requests"": ""0"", ""reservation_status"": ""Check-Out"", ""reservation_status_date"": ""2017-05-14""}",No guests in booking
111710,"{""hotel"": ""City Hotel"", ""is_canceled"": ""0"", ""lead_time"": ""6"", ""arrival_date_year"": ""2017"", ""arrival_date_month"": ""May"", ""arrival_date_week_number"": ""20"", ""arrival_date_day_of_month"": ""14"", ""stays_in_weekend_nights"": ""0"", ""stays_in_week_nights"": ""0"", ""adults"": ""0"", ""children"": ""0"", ""babies"": ""0"", ""meal"": ""BB"", ""country"": ""PRT"", ""market_segment"": ""Groups"", ""distribution_channel"": ""Corporate"", ""is_repeated_guest"": ""0"", ""previous_cancellations"": ""0"", ""previous_bookings_not_canceled"": ""0"", ""reserved_room_type"": ""A"", ""assigned_room_type"": ""A"", ""booking_changes"": ""1"", ""deposit_type"": ""No Deposit"", ""agent"": null, ""company"": ""169"", ""days_in_waiting_list"": ""0"", ""customer_type"": ""Transient-Party"", ""adr"": ""0"", ""required_car_parking_spaces"": ""0"", ""total_of_special_requests"": ""0"", ""reservation_status"": ""Check-Out"", ""reservation_status_date"": ""2017-05-14""}",No guests in booking
111980,"{""hotel"": ""City Hotel"", ""is_canceled"": ""0"", ""lead_time"": ""0"", ""arrival_date_year"": ""2017"", ""arrival_date_month"": ""May"", ""arrival_date_week_number"": ""20"", ""arrival_date_day_of_month"": ""17"", ""stays_in_weekend_nights"": ""0"", ""stays_in_week_nights"": ""1"", ""adults"": ""0"", ""children"": ""0"", ""babies"": ""0"", ""meal"": ""SC"", ""country"": ""IND"", ""market_segment"": ""Direct"", ""distribution_channel"": ""Direct"", ""is_repeated_guest"": ""0"", ""previous_cancellations"": ""0"", ""previous_bookings_not_canceled"": ""0"", ""reserved_room_type"": ""A"", ""assigned_room_type"": ""K"", ""booking_changes"": ""4"", ""deposit_type"": ""No Deposit"", ""agent"": null, ""company"": null, ""days_in_waiting_list"": ""0"", ""customer_type"": ""Transient"", ""adr"": ""0"", ""required_car_parking_spaces"": ""0"", ""total_of_special_requests"": ""0"", ""reservation_status"": ""Check-Out"", ""reservation_status_date"": ""2017-05-18""}",No guests in booking
112471,"{""hotel"": ""City Hotel"", ""is_canceled"": ""0"", ""lead_time"": ""75"", ""arrival_date_year"": ""2017"", ""arrival_date_month"": ""May"", ""arrival_date_week_number"": ""20"", ""arrival_date_day_of_month"": ""20"", ""stays_in_weekend_nights"": ""2"", ""stays_in_week_nights"": ""2"", ""adults"": ""0"", ""children"": ""0"", ""babies"": ""0"", ""meal"": ""SC"", ""country"": ""GBR"", ""market_segment"": ""Groups"", ""distribution_channel"": ""TA/TO"", ""is_repeated_guest"": ""0"", ""previous_cancellations"": ""0"", ""previous_bookings_not_canceled"": ""0"", ""reserved_room_type"": ""A"", ""assigned_room_type"": ""K"", ""booking_changes"": ""3"", ""deposit_type"": ""No Deposit"", ""agent"": ""229"", ""company"": null, ""days_in_waiting_list"": ""0"", ""customer_type"": ""Transient-Party"", ""adr"": ""0"", ""required_car_parking_spaces"": ""0"", ""total_of_special_requests"": ""1"", ""reservation_status"": ""Check-Out"", ""reservation_status_date"": ""2017-05-24""}",No guests in booking
112558,"{""hotel"": ""City Hotel"", ""is_canceled"": ""0"", ""lead_time"": ""1"", ""arrival_date_year"": ""2017"", ""arrival_date_month"": ""May"", ""arrival_date_week_number"": ""21"", ""arrival_date_day_of_month"": ""23"", ""stays_in_weekend_nights"": ""0"", ""stays_in_week_nights"": ""2"", ""adults"": ""0"", ""children"": ""0"", ""babies"": ""0"", ""meal"": ""SC"", ""country"": ""PRT"", ""market_segment"": ""Direct"", ""distribution_channel"": ""Direct"", ""is_repeated_guest"": ""0"", ""previous_cancellations"": ""0"", ""previous_bookings_not_canceled"": ""0"", ""reserved_room_type"": ""A"", ""assigned_room_type"": ""K"", ""booking_changes"": ""2"", ""deposit_type"": ""No Deposit"", ""agent"": null, ""company"": null, ""days_in_waiting_list"": ""0"", ""customer_type"": ""Transient"", ""adr"": ""0"", ""required_car_parking_spaces"": ""1"", ""total_of_special_requests"": ""0"", ""reservation_status"": ""Check-Out"", ""reservation_status_date"": ""2017-05-25""}",No guests in booking
113188,"{""hotel"": ""City Hotel"", ""is_canceled"": ""0"", ""lead_time"": ""0"", ""arrival_date_year"": ""2017"", ""arrival_date_month"": ""June"", ""arrival_date_week_number"": ""23"", ""arrival_date_day_of_month"": ""4"", ""stays_in_weekend_nights"": ""0"", ""stays_in_week_nights"": ""0"", ""adults"": ""0"", ""children"": ""0"", ""babies"": ""0"", ""meal"": ""HB"", ""country"": ""PRT"", ""market_segment"": ""Groups"", ""distribution_channel"": ""TA/TO"", ""is_repeated_guest"": ""1"", ""previous_cancellations"": ""0"", ""previous_bookings_not_canceled"": ""0"", ""reserved_room_type"": ""A"", ""assigned_room_type"": ""K"", ""booking_changes"": ""0"", ""deposit_type"": ""No Deposit"", ""agent"": ""229"", ""company"": null, ""days_in_waiting_list"": ""0"", ""customer_type"": ""Transient-Party"", ""adr"": ""0"", ""required_car_parking_spaces"": ""0"", ""total_of_special_requests"": ""1"", ""reservation_status"": ""Check-Out"", ""reservation_status_date"": ""2017-06-04""}",No guests in booking
114583,"{""hotel"": ""City Hotel"", ""is_canceled"": ""0"", ""lead_time"": ""26"", ""arrival_date_year"": ""2017"", ""arrival_date_month"": ""June"", ""arrival_date_week_number"": ""25"", ""arrival_date_day_of_month"": ""19"", ""stays_in_weekend_nights"": ""1"", ""stays_in_week_nights"": ""4"", ""adults"": ""0"", ""children"": ""0"", ""babies"": ""0"", ""meal"": ""SC"", ""country"": ""GBR"", ""market_segment"": ""Online TA"", ""distribution_channel"": ""TA/TO"", ""is_repeated_guest"": ""0"", ""previous_cancellations"": ""0"", ""previous_bookings_not_canceled"": ""0"", ""reserved_room_type"": ""D"", ""assigned_room_type"": ""K"", ""booking_changes"": ""2"", ""deposit_type"": ""No Deposit"", ""agent"": ""9"", ""company"": null, ""days_in_waiting_list"": ""0"", ""customer_type"": ""Transient"", ""adr"": ""90"", ""required_car_parking_spaces"": ""0"", ""total_of_special_requests"": ""1"", ""reservation_status"": ""Check-Out"", ""reservation_status_date"": ""2017-06-24""}",No guests in booking
114908,"{""hotel"": ""City Hotel"", ""is_canceled"": ""0"", ""lead_time"": ""1"", ""arrival_date_year"": ""2017"", ""arrival_date_month"": ""June"", ""arrival_date_week_number"": ""26"", ""arrival_date_day_of_month"": ""28"", ""stays_in_weekend_nights"": ""0"", ""stays_in_week_nights"": ""0"", ""adults"": ""0"", ""children"": ""0"", ""babies"": ""0"", ""meal"": ""BB"", ""country"": ""PRT"", ""market_segment"": ""Aviation"", ""distribution_channel"": ""Corporate"", ""is_repeated_guest"": ""0"", ""previous_cancellations"": ""0"", ""previous_bookings_not_canceled"": ""0"", ""reserved_room_type"": ""A"", ""assigned_room_type"": ""A"", ""booking_changes"": ""1"", ""deposit_type"": ""No Deposit"", ""agent"": null, ""company"": ""153"", ""days_in_waiting_list"": ""0"", ""customer_type"": ""Transient"", ""adr"": ""0"", ""required_car_parking_spaces"": ""0"", ""total_of_special_requests"": ""0"", ""reservation_status"": ""Check-Out"", ""reservation_status_date"": ""2017-06-28""}",No guests in booking
114911,"{""hotel"": ""City Hotel"", ""is_canceled"": ""0"", ""lead_time"": ""1"", ""arrival_date_year"": ""2017"", ""arrival_date_month"": ""June"", ""arrival_date_week_number"": ""26"", ""arrival_date_day_of_month"": ""28"", ""stays_in_weekend_nights"": ""0"", ""stays_in_week_nights"": ""0"", ""adults"": ""0"", ""children"": ""0"", ""babies"": ""0"", ""meal"": ""BB"", ""country"": ""PRT"", ""market_segment"": ""Aviation"", ""distribution_channel"": ""Corporate"", ""is_repeated_guest"": ""0"", ""previous_cancellations"": ""0"", ""previous_bookings_not_canceled"": ""0"", ""reserved_room_type"": ""A"", ""assigned_room_type"": ""A"", ""booking_changes"": ""1"", ""deposit_type"": ""No Deposit"", ""agent"": null, ""company"": ""153"", ""days_in_waiting_list"": ""0"", ""customer_type"": ""Transient"", ""adr"": ""0"", ""required_car_parking_spaces"": ""0"", ""total_of_special_requests"": ""0"", ""reservation_status"": ""Check-Out"", ""reservation_status_date"": ""2017-06-28""}",No guests in booking
115029,"{""hotel"": ""City Hotel"", ""is_canceled"": ""0"", ""lead_time"": ""107"", ""arrival_date_year"": ""2017"", ""arrival_date_month"": ""June"", ""arrival_date_week_number"": ""26"", ""arrival_date_day_of_month"": ""27"", ""stays_in_weekend_nights"": ""0"", ""stays_in_week_nights"": ""3"", ""adults"": ""0"", ""children"": ""0"", ""babies"": ""0"", ""meal"": ""BB"", ""country"": ""CHE"", ""market_segment"": ""Online TA"", ""distribution_channel"": ""TA/TO"", ""is_repeated_guest"": ""0"", ""previous_cancellations"": ""0"", ""previous_bookings_not_canceled"": ""0"", ""reserved_room_type"": ""A"", ""assigned_room_type"": ""A"", ""booking_changes"": ""1"", ""deposit_type"": ""No Deposit"", ""agent"": ""7"", ""company"": null, ""days_in_waiting_list"": ""0"", ""customer_type"": ""Transient"", ""adr"": ""100.8"", ""required_car_parking_spaces"": ""0"", ""total_of_special_requests"": ""0"", ""reservation_status"": ""Check-Out"", ""reservation_status_date"": ""2017-06-30""}",No guests in booking
115091,"{""hotel"": ""City Hotel"", ""is_canceled"": ""0"", ""lead_time"": ""1"", ""arrival_date_year"": ""2017"", ""arrival_date_month"": ""June"", ""arrival_date_week_number"": ""26"", ""arrival_date_day_of_month"": ""30"", ""stays_in_weekend_nights"": ""0"", ""stays_in_week_nights"": ""1"", ""adults"": ""0"", ""children"": ""0"", ""babies"": ""0"", ""meal"": ""SC"", ""country"": ""PRT"", ""market_segment"": ""Complementary"", ""distribution_channel"": ""Direct"", ""is_repeated_guest"": ""0"", ""previous_cancellations"": ""0"", ""previous_bookings_not_canceled"": ""0"", ""reserved_room_type"": ""E"", ""assigned_room_type"": ""K"", ""booking_changes"": ""0"", ""deposit_type"": ""No Deposit"", ""agent"": null, ""company"": null, ""days_in_waiting_list"": ""0"", ""customer_type"": ""Transient"", ""adr"": ""0"", ""required_car_parking_spaces"": ""1"", ""total_of_special_requests"": ""1"", ""reservation_status"": ""Check-Out"", ""reservation_status_date"": ""2017-07-01""}",No guests in booking
116251,"{""hotel"": ""City Hotel"", ""is_canceled"": ""0"", ""lead_time"": ""44"", ""arrival_date_year"": ""2017"", ""arrival_date_month"": ""July"", ""arrival_date_week_number"": ""28"", ""arrival_date_day_of_month"": ""15"", ""stays_in_weekend_nights"": ""1"", ""stays_in_week_nights"": ""1"", ""adults"": ""0"", ""children"": ""0"", ""babies"": ""0"", ""meal"": ""SC"", ""country"": ""SWE"", ""market_segment"": ""Online TA"", ""distribution_channel"": ""TA/TO"", ""is_repeated_guest"": ""0"", ""previous_cancellations"": ""0"", ""previous_bookings_not_canceled"": ""0"", ""reserved_room_type"": ""A"", ""assigned_room_type"": ""K"", ""booking_changes"": ""2"", ""deposit_type"": ""No Deposit"", ""agent"": ""425"", ""company"": null, ""days_in_waiting_list"": ""0"", ""customer_type"": ""Transient"", ""adr"": ""73.8"", ""required_car_parking_spaces"": ""0"", ""total_of_special_requests"": ""0"", ""reservation_status"": ""Check-Out"", ""reservation_status_date"": ""2017-07-17""}",No guests in booking
116534,"{""hotel"": ""City Hotel"", ""is_canceled"": ""0"", ""lead_time"": ""2"", ""arrival_date_year"": ""2017"", ""arrival_date_month"": ""July"", ""arrival_date_week_number"": ""28"", ""arrival_date_day_of_month"": ""15"", ""stays_in_weekend_nights"": ""2"", ""stays_in_week_nights"": ""5"", ""adults"": ""0"", ""children"": ""0"", ""babies"": ""0"", ""meal"": ""SC"", ""country"": ""RUS"", ""market_segment"": ""Online TA"", ""distribution_channel"": ""TA/TO"", ""is_repeated_guest"": ""0"", ""previous_cancellations"": ""0"", ""previous_bookings_not_canceled"": ""0"", ""reserved_room_type"": ""A"", ""assigned_room_type"": ""K"", ""booking_changes"": ""1"", ""deposit_type"": ""No Deposit"", ""agent"": ""9"", ""company"": null, ""days_in_waiting_list"": ""0"", ""customer_type"": ""Transient-Party"", ""adr"": ""22.86"", ""required_car_parking_spaces"": ""0"", ""total_of_special_requests"": ""1"", ""reservation_status"": ""Check-Out"", ""reservation_status_date"": ""2017-07-22""}",No guests in booking
117087,"{""hotel"": ""City Hotel"", ""is_canceled"": ""0"", ""lead_time"": ""170"", ""arrival_date_year"": ""2017"", ""arrival_date_month"": ""July"", ""arrival_date_week_number"": ""30"", ""arrival_date_day_of_month"": ""27"", ""stays_in_weekend_nights"": ""0"", ""stays_in_week_nights"": ""2"", ""adults"": ""0"", ""children"": ""0"", ""babies"": ""0"", ""meal"": ""BB"", ""country"": ""BRA"", ""market_segment"": ""Offline TA/TO"", ""distribution_channel"": ""TA/TO"", ""is_repeated_guest"": ""0"", ""previous_cancellations"": ""0"", ""previous_bookings_not_canceled"": ""0"", ""reserved_room_type"": ""A"", ""assigned_room_type"": ""A"", ""booking_changes"": ""0"", ""deposit_type"": ""No Deposit"", ""agent"": ""52"", ""company"": null, ""days_in_waiting_list"": ""0"", ""customer_type"": ""Transient"", ""adr"": ""0"", ""required_car_parking_spaces"": ""0"", ""total_of_special_requests"": ""0"", ""reservation_status"": ""Check-Out"", ""reservation_status_date"": ""2017-07-29""}",No guests in booking
